date,strategy,action,holdings,cash,equity,note,logged_at,prev_hash,row_hash
2026-06-10,buyhold,BUY,"{""NASDAQ"": 0.397306}",0.0,10000.0,全仓纳指@25170,2026-06-11 06:02,GENESIS,84b3db4909665451f0f1ef750545ed872362020126e01c690e854b4b969453a5
2026-06-10,momentum,REBAL,"{""TSM"": 8.154944, ""LLY"": 2.933317, ""GOOGL"": 9.353312}",-0.0,10000.0,调仓→TSM(36%)+LLY(14%)+GOOGL(14%),2026-06-11 06:02,84b3db4909665451f0f1ef750545ed872362020126e01c690e854b4b969453a5,71e80f6bf7386352d7091ec055737fdc45621e4c48ab0d7d52d8dab9d0040e8e
2026-06-10,overnight,ROLL,{},9910.83,9910.83,隔夜-0.87%-成本,2026-06-11 06:02,71e80f6bf7386352d7091ec055737fdc45621e4c48ab0d7d52d8dab9d0040e8e,7594f42aa1fc0cd3c165402d4e9d76ba59aecb5aaa55abd0ca7d56db97336c63
2026-06-10,signal,HOLD,{},10000.0,10000.0,,2026-06-11 06:02,7594f42aa1fc0cd3c165402d4e9d76ba59aecb5aaa55abd0ca7d56db97336c63,008f9ea0e2541cb332c14750c9113081dfcb6a82503e8e02f3733b3da2181ba7
2026-06-10,trend,BUY,"{""NASDAQ"": 0.397306}",0.0,10000.0,站上MA200，买入@25170,2026-06-11 06:02,008f9ea0e2541cb332c14750c9113081dfcb6a82503e8e02f3733b3da2181ba7,e23d4163e92c55e11f36638b9b96c3cf1c56990f389c8538758921d0c43f8961
2026-06-11,buyhold,HOLD,"{""NASDAQ"": 0.397306}",0.0,10254.33,,2026-06-11 20:42,e23d4163e92c55e11f36638b9b96c3cf1c56990f389c8538758921d0c43f8961,600ca3351422986825267076b04c8bb646787f7d9b59412b0fa2d07fb64bead8
2026-06-11,momentum,HOLD,"{""TSM"": 8.154944, ""LLY"": 2.933317, ""GOOGL"": 9.353312}",-0.0,10185.57,,2026-06-11 20:42,600ca3351422986825267076b04c8bb646787f7d9b59412b0fa2d07fb64bead8,1b29fd3c2e56202daa3d09dd7e058cc87e9c5f3b79f9a6e84b32c5c2fb6adf66
2026-06-11,overnight,ROLL,{},9988.86,9988.86,隔夜+0.81%-成本,2026-06-11 20:42,1b29fd3c2e56202daa3d09dd7e058cc87e9c5f3b79f9a6e84b32c5c2fb6adf66,a43e444a1eda7c2145b445b6523a2c1d6383688f3a619841b64875f9fe15b5e8
2026-06-11,signal,HOLD,{},10000.0,10000.0,,2026-06-11 20:42,a43e444a1eda7c2145b445b6523a2c1d6383688f3a619841b64875f9fe15b5e8,d6706216e1e136855a68cf881aa1602c2c91e76749942fe52841feca2fe41626
2026-06-11,trend,HOLD,"{""NASDAQ"": 0.397306}",0.0,10254.33,,2026-06-11 20:42,d6706216e1e136855a68cf881aa1602c2c91e76749942fe52841feca2fe41626,508246d21d3a188b80431b9fec525bc68d12a081048cc3bceafcd0873a1f2f03
2026-06-12,buyhold,HOLD,"{""NASDAQ"": 0.397306}",0.0,10285.79,,2026-06-12 20:59,508246d21d3a188b80431b9fec525bc68d12a081048cc3bceafcd0873a1f2f03,230c07e8f30d14258f079d28b9f5646d3ca7414daa0ab20840628641ff65422c
2026-06-12,momentum,HOLD,"{""TSM"": 8.154944, ""LLY"": 2.933317, ""GOOGL"": 9.353312}",-0.0,10144.77,,2026-06-12 20:59,230c07e8f30d14258f079d28b9f5646d3ca7414daa0ab20840628641ff65422c,054530665426e9b80f312e05385060c3429205eaa5339861bbc06bb89959711d
2026-06-12,overnight,ROLL,{},9993.69,9993.69,隔夜+0.07%-成本,2026-06-18 05:44,054530665426e9b80f312e05385060c3429205eaa5339861bbc06bb89959711d,9829c953d33f31667cf786a7da447302754f5ad58421edcf4a2ba7fb304017ed
2026-06-12,signal,HOLD,{},10000.0,10000.0,,2026-06-12 20:59,9829c953d33f31667cf786a7da447302754f5ad58421edcf4a2ba7fb304017ed,e0683672bfe9192794c2e642d6125c7e457bbb54b58b2a6319d2f4c08c1af1c8
2026-06-12,trend,HOLD,"{""NASDAQ"": 0.397306}",0.0,10285.79,,2026-06-12 20:59,e0683672bfe9192794c2e642d6125c7e457bbb54b58b2a6319d2f4c08c1af1c8,11b9a01bde57a19ecd0a3a7f08a9e92fcc663ed1318e8af3557c310191ef7ad4
2026-06-15,buyhold,HOLD,"{""NASDAQ"": 0.397306}",0.0,10601.69,,2026-06-15 21:30,11b9a01bde57a19ecd0a3a7f08a9e92fcc663ed1318e8af3557c310191ef7ad4,c3cb12b590343e19af95339bec00daac105812d5d2a63715776a54b59d891be6
2026-06-15,momentum,HOLD,"{""TSM"": 8.154944, ""LLY"": 2.933317, ""GOOGL"": 9.353312}",-0.0,10366.98,,2026-06-15 21:30,c3cb12b590343e19af95339bec00daac105812d5d2a63715776a54b59d891be6,ead5eeed3c97193774f8045ae97c20364487a268cfb06303e984bda0de8b3d94
2026-06-15,overnight,ROLL,{},10223.89,10223.89,隔夜+2.32%-成本,2026-06-18 05:44,ead5eeed3c97193774f8045ae97c20364487a268cfb06303e984bda0de8b3d94,6d962703600cca29f54d2d5d51f4d5950d2f35aace7127fe83c8b9211f6246a4
2026-06-15,signal,HOLD,{},10000.0,10000.0,,2026-06-15 21:30,6d962703600cca29f54d2d5d51f4d5950d2f35aace7127fe83c8b9211f6246a4,f463d8f9a0e45d990f17f350f919e1f721b121c2bedfea6a04fbf6b6c069d734
2026-06-15,trend,HOLD,"{""NASDAQ"": 0.397306}",0.0,10601.69,,2026-06-15 21:30,f463d8f9a0e45d990f17f350f919e1f721b121c2bedfea6a04fbf6b6c069d734,3b0f0343bbfe14d0930217fb30ca57ab1b25a789564113113b41a42831263d95
2026-06-16,buyhold,HOLD,"{""NASDAQ"": 0.397306}",0.0,10479.48,,2026-06-16 21:24,3b0f0343bbfe14d0930217fb30ca57ab1b25a789564113113b41a42831263d95,33b5ce9d0991f31ddc0d99ac34586dcf01572c400da25ec1bd3db78f7882a19d
2026-06-16,momentum,HOLD,"{""TSM"": 8.154944, ""LLY"": 2.933317, ""GOOGL"": 9.353312}",-0.0,10256.39,,2026-06-16 21:24,33b5ce9d0991f31ddc0d99ac34586dcf01572c400da25ec1bd3db78f7882a19d,a3d03e3c8a6f1613926db8073657155f47f21195794e16fcad28bdc80f8f6a5c
2026-06-16,overnight,ROLL,{},10197.79,10197.79,隔夜-0.24%-成本,2026-06-18 05:44,a3d03e3c8a6f1613926db8073657155f47f21195794e16fcad28bdc80f8f6a5c,e43e4d3ef81bfa22d2901c2142fdd2991dd40791fb2b26baee98f4e94552ed03
2026-06-16,signal,BUY,"{""NASDAQ"": 0.379128}",0.0,10000.0,tier4，买入@26376,2026-06-16 21:24,e43e4d3ef81bfa22d2901c2142fdd2991dd40791fb2b26baee98f4e94552ed03,c7619cdb7289805bf70debfde2659ca89ccd79e7653d602eb34dcc108bce3b37
2026-06-16,trend,HOLD,"{""NASDAQ"": 0.397306}",0.0,10479.48,,2026-06-16 21:24,c7619cdb7289805bf70debfde2659ca89ccd79e7653d602eb34dcc108bce3b37,c712ef4d422743524b36264019750afbb6525fc63a6f8a5d422648cb8e4375b0
2026-06-17,buyhold,HOLD,"{""NASDAQ"": 0.397306}",0.0,10338.56,,2026-06-17 21:27,c712ef4d422743524b36264019750afbb6525fc63a6f8a5d422648cb8e4375b0,6e2cc25280e16ecad1dcad2e94f4b8a8822af6e1b8a687e5824bff114e107a8f
2026-06-17,momentum,HOLD,"{""TSM"": 8.154944, ""LLY"": 2.933317, ""GOOGL"": 9.353312}",-0.0,10188.65,,2026-06-17 21:27,6e2cc25280e16ecad1dcad2e94f4b8a8822af6e1b8a687e5824bff114e107a8f,9b999f135187cc4a755b16b941694b9b91e7850e8bffb58447706b5bb7e85611
2026-06-17,overnight,ROLL,{},10270.23,10270.23,隔夜+0.73%-成本,2026-06-18 05:44,9b999f135187cc4a755b16b941694b9b91e7850e8bffb58447706b5bb7e85611,2fe5c6ee9654eb6c1b90c8b5b12a44e57e8b0743c326e190d790ddce0c9e89c2
2026-06-17,signal,HOLD,"{""NASDAQ"": 0.379128}",0.0,9865.54,,2026-06-17 21:27,2fe5c6ee9654eb6c1b90c8b5b12a44e57e8b0743c326e190d790ddce0c9e89c2,6ab78e6a7f7e90093c4c46166ddf0eba4c08d0268bbd8701c6065b0e5cb2d7f3
2026-06-17,trend,HOLD,"{""NASDAQ"": 0.397306}",0.0,10338.56,,2026-06-17 21:27,6ab78e6a7f7e90093c4c46166ddf0eba4c08d0268bbd8701c6065b0e5cb2d7f3,b4b2ed8faff3fb9659dfb2a657145607d8ebff8b371d18973ac7279a2c7fec02
2026-06-18,buyhold,HOLD,"{""NASDAQ"": 0.397306}",0.0,10535.73,,2026-06-18 21:33,b4b2ed8faff3fb9659dfb2a657145607d8ebff8b371d18973ac7279a2c7fec02,293b128cc7c2c12d8c8e2e9caea32b4dddf0ef73b8aad184ef027da50eb1121a
2026-06-18,momentum,HOLD,"{""TSM"": 8.154944, ""LLY"": 2.933317, ""GOOGL"": 9.353312}",-0.0,10433.32,,2026-06-18 21:33,293b128cc7c2c12d8c8e2e9caea32b4dddf0ef73b8aad184ef027da50eb1121a,308121b7b8a4ce3c545bc20268d2a30d53d2e8c37919ce92b27983d823a0f9e6
2026-06-18,overnight,ROLL,{},10475.57,10475.57,隔夜+2.02%-成本,2026-06-18 21:33,308121b7b8a4ce3c545bc20268d2a30d53d2e8c37919ce92b27983d823a0f9e6,dd8264adf7dec2437c4507e275cca703eab590608f0116d375c091078289062a
2026-06-18,signal,HOLD,"{""NASDAQ"": 0.379128}",0.0,10053.69,,2026-06-18 21:33,dd8264adf7dec2437c4507e275cca703eab590608f0116d375c091078289062a,ffe485d6d4f9cbe284433b9fc3778ec486cf8a18a563955e7d0a634226f6a069
2026-06-18,trend,HOLD,"{""NASDAQ"": 0.397306}",0.0,10535.73,,2026-06-18 21:33,ffe485d6d4f9cbe284433b9fc3778ec486cf8a18a563955e7d0a634226f6a069,e5e0e50b738c5e9f858776ab30278da3597a87993e598547ad08f4f7b73a1df7
2026-06-22,buyhold,HOLD,"{""NASDAQ"": 0.397306}",0.0,10396.15,,2026-06-22 21:21,e5e0e50b738c5e9f858776ab30278da3597a87993e598547ad08f4f7b73a1df7,c9fd32f0178c51dbb2a68c60ba0c2c524c9c7ad5c7bb710d4f8c2f5630fb1121
2026-06-22,momentum,HOLD,"{""TSM"": 8.154944, ""LLY"": 2.933317, ""GOOGL"": 9.353312}",-0.0,10317.24,,2026-06-22 21:21,c9fd32f0178c51dbb2a68c60ba0c2c524c9c7ad5c7bb710d4f8c2f5630fb1121,11101e7e9dd53c4f9486a83d710d0f8406916cb26ea3a244bc9fc055ced42ea3
2026-06-22,overnight,ROLL,{},10493.28,10493.28,隔夜+0.19%-成本,2026-06-22 21:21,11101e7e9dd53c4f9486a83d710d0f8406916cb26ea3a244bc9fc055ced42ea3,2f386327f23ae465ab47746fcbc58ad3966dcce950820189b34c9c8ca50e7b5d
2026-06-22,signal,HOLD,"{""NASDAQ"": 0.379128}",0.0,9920.49,,2026-06-22 21:21,2f386327f23ae465ab47746fcbc58ad3966dcce950820189b34c9c8ca50e7b5d,e9ffd81be5d9c6de1d9a5502889f52e2209c06f37f08ab19b07d95be579c40a5
2026-06-22,trend,HOLD,"{""NASDAQ"": 0.397306}",0.0,10396.15,,2026-06-22 21:21,e9ffd81be5d9c6de1d9a5502889f52e2209c06f37f08ab19b07d95be579c40a5,f77cea3fcb3dc4e18c72026a49888a2e69af57c0e930d39215932c49c7657d47
2026-06-23,buyhold,HOLD,"{""NASDAQ"": 0.397306}",0.0,10165.88,,2026-06-23 20:29,f77cea3fcb3dc4e18c72026a49888a2e69af57c0e930d39215932c49c7657d47,09f7d4b9a8bb2aa48e10611e4d7f344cb4cc5ccfdef4500ef83c07fa4474fc02
2026-06-23,momentum,HOLD,"{""TSM"": 8.154944, ""LLY"": 2.933317, ""GOOGL"": 9.353312}",-0.0,10043.61,,2026-06-23 20:29,09f7d4b9a8bb2aa48e10611e4d7f344cb4cc5ccfdef4500ef83c07fa4474fc02,97f0083650ea28f70ba93a0cb5bdc646b9c7c36d2e8de6280891db21ae4b4b14
2026-06-23,overnight,ROLL,{},10175.37,10175.37,隔夜-3.01%-成本,2026-06-23 20:29,97f0083650ea28f70ba93a0cb5bdc646b9c7c36d2e8de6280891db21ae4b4b14,d618e284ebd465379413b6d7dde444e5b526d98ffd99c43bcda386b5f47a9a1c
2026-06-23,signal,HOLD,"{""NASDAQ"": 0.379128}",0.0,9700.76,,2026-06-23 20:29,d618e284ebd465379413b6d7dde444e5b526d98ffd99c43bcda386b5f47a9a1c,8753e2f56495f8065a44f0edb14041dee7046e62e12a6fe506bb0ee16d12daf8
2026-06-23,trend,HOLD,"{""NASDAQ"": 0.397306}",0.0,10165.88,,2026-06-23 20:29,8753e2f56495f8065a44f0edb14041dee7046e62e12a6fe506bb0ee16d12daf8,1cd8a4dad6c0ef605dcdf97440f46d2f4c0c58b426fb8daa6aadbd52bc61a90b
2026-06-24,buyhold,HOLD,"{""NASDAQ"": 0.397306}",0.0,10122.02,,2026-06-24 20:16,1cd8a4dad6c0ef605dcdf97440f46d2f4c0c58b426fb8daa6aadbd52bc61a90b,858a4d06a0168e4c1d1cf1752bcd0af2573f3fb2ab49da01c520e1829e239955
2026-06-24,momentum,HOLD,"{""TSM"": 8.154944, ""LLY"": 2.933317, ""GOOGL"": 9.353312}",-0.0,10101.58,,2026-06-24 20:16,858a4d06a0168e4c1d1cf1752bcd0af2573f3fb2ab49da01c520e1829e239955,ef3336382647e1db2da5340eb327b8f887793210a928607baa95dd2c919d9113
2026-06-24,overnight,ROLL,{},10189.73,10189.73,隔夜+0.16%-成本,2026-06-24 20:16,ef3336382647e1db2da5340eb327b8f887793210a928607baa95dd2c919d9113,b7921974c3382f056473ce5cebc961b431929419e77de3ffa4e0dde830629cdf
2026-06-24,signal,HOLD,"{""NASDAQ"": 0.379128}",0.0,9658.91,,2026-06-24 20:16,b7921974c3382f056473ce5cebc961b431929419e77de3ffa4e0dde830629cdf,e5acdb13eb0f2ee4bbf2347e57863020b5535c3a184d6375b0031a51fd38ca4b
2026-06-24,trend,HOLD,"{""NASDAQ"": 0.397306}",0.0,10122.02,,2026-06-24 20:16,e5acdb13eb0f2ee4bbf2347e57863020b5535c3a184d6375b0031a51fd38ca4b,56a012b4f9541081eff1f8992c9a3c7a9beb7c0e1bddcd98b6b60cc22f7740b9
2026-06-25,buyhold,HOLD,"{""NASDAQ"": 0.397306}",0.0,10075.12,,2026-06-26 15:24,56a012b4f9541081eff1f8992c9a3c7a9beb7c0e1bddcd98b6b60cc22f7740b9,79883a20cba38243807e68ce3b306d35cc58f722b8ee95e6c478d6296ada657c
2026-06-25,momentum,HOLD,"{""TSM"": 8.154944, ""LLY"": 2.933317, ""GOOGL"": 9.353312}",-0.0,10070.02,,2026-06-26 15:24,79883a20cba38243807e68ce3b306d35cc58f722b8ee95e6c478d6296ada657c,e46f009a092f073e4870a23a5c3b32ff9002a1aa044e050d4f2263253c56423e
2026-06-25,overnight,ROLL,{},10406.8,10406.8,隔夜+2.15%-成本,2026-06-26 15:24,e46f009a092f073e4870a23a5c3b32ff9002a1aa044e050d4f2263253c56423e,ed7ec8ab6b74e8376319f2b5d8a6569377baf5ac980a669ab8a4212ae61783ba
2026-06-25,signal,HOLD,"{""NASDAQ"": 0.379128}",0.0,9614.16,,2026-06-26 15:24,ed7ec8ab6b74e8376319f2b5d8a6569377baf5ac980a669ab8a4212ae61783ba,c7d2caa00e44378e60f9816a9756a28f2fc00e1f726d24ed023b9c2cefbcc860
2026-06-25,trend,HOLD,"{""NASDAQ"": 0.397306}",0.0,10075.12,,2026-06-26 15:24,c7d2caa00e44378e60f9816a9756a28f2fc00e1f726d24ed023b9c2cefbcc860,3cc934169b5d0d160ec2fe02b0612b83f37eaa64bb037b8f42a589e844d70639
2026-06-26,buyhold,HOLD,"{""NASDAQ"": 0.397306}",0.0,10050.9,,2026-06-26 20:16,3cc934169b5d0d160ec2fe02b0612b83f37eaa64bb037b8f42a589e844d70639,dca495c68eb07ed41bf9ca6ef0bfbebceaa3e68dcaf1321c8fcdda5485b5bd50
2026-06-26,momentum,HOLD,"{""TSM"": 8.154944, ""LLY"": 2.933317, ""GOOGL"": 9.353312}",-0.0,10222.99,,2026-06-26 20:16,dca495c68eb07ed41bf9ca6ef0bfbebceaa3e68dcaf1321c8fcdda5485b5bd50,c5b1806e16a64d4d87a0ad95aef3f8ab79e4f29dd37bc237ded8ed0c8bb15394
2026-06-26,overnight,ROLL,{},10269.76,10269.76,隔夜-1.30%-成本,2026-06-26 20:16,c5b1806e16a64d4d87a0ad95aef3f8ab79e4f29dd37bc237ded8ed0c8bb15394,85c76694e397ba2bd3ab9be2cee62d701ac612ce228318879e898780046708d5
2026-06-26,signal,HOLD,"{""NASDAQ"": 0.379128}",0.0,9591.04,,2026-06-26 20:16,85c76694e397ba2bd3ab9be2cee62d701ac612ce228318879e898780046708d5,540d59b79bb0c3d334488badff10d6dcc41c27a390a9a9274d6694b063211ef4
2026-06-26,trend,HOLD,"{""NASDAQ"": 0.397306}",0.0,10050.9,,2026-06-26 20:16,540d59b79bb0c3d334488badff10d6dcc41c27a390a9a9274d6694b063211ef4,1fa142e1a2ed2aa96377ee48544017afa7745659f52e18427d635697bcef1e78
2026-06-29,buyhold,HOLD,"{""NASDAQ"": 0.397306}",0.0,10258.5,,2026-06-29 20:46,1fa142e1a2ed2aa96377ee48544017afa7745659f52e18427d635697bcef1e78,632a85f16ac9407d28b9c016cf7b2f42225e590e2a4e52fc4e208b30bcd014af
2026-06-29,momentum,HOLD,"{""TSM"": 8.154944, ""LLY"": 2.933317, ""GOOGL"": 9.353312}",-0.0,10626.89,,2026-06-29 20:46,632a85f16ac9407d28b9c016cf7b2f42225e590e2a4e52fc4e208b30bcd014af,d06767b49dfcc6e756de607fa99b2eab1af90a4f4debd8bcd81aba6deda8a9fe
2026-06-29,overnight,ROLL,{},10376.29,10376.29,隔夜+1.06%-成本,2026-06-29 20:46,d06767b49dfcc6e756de607fa99b2eab1af90a4f4debd8bcd81aba6deda8a9fe,c69547841d58251ef4c64227d4202fe1e4df65afb3ecc307fbdac9019627dbec
2026-06-29,signal,HOLD,"{""NASDAQ"": 0.379128}",0.0,9789.14,,2026-06-29 20:46,c69547841d58251ef4c64227d4202fe1e4df65afb3ecc307fbdac9019627dbec,ac04b5167fb7bb9e0063d9522ba01deb4b9c01fb332514d20b45ffca8a6577a2
2026-06-29,trend,HOLD,"{""NASDAQ"": 0.397306}",0.0,10258.5,,2026-06-29 20:46,ac04b5167fb7bb9e0063d9522ba01deb4b9c01fb332514d20b45ffca8a6577a2,e29347c0dd760c495e72c2f6db799989c6e4376aea43070c5ec341245e8f00e9
2026-06-30,buyhold,HOLD,"{""NASDAQ"": 0.397306}",0.0,10414.87,,2026-06-30 20:26,e29347c0dd760c495e72c2f6db799989c6e4376aea43070c5ec341245e8f00e9,3e757d21163e21fb289dcce9c46b94a110475e75efaf34a96e6c541417c8970a
2026-06-30,momentum,HOLD,"{""TSM"": 8.154944, ""LLY"": 2.933317, ""GOOGL"": 9.353312}",-0.0,10755.46,,2026-06-30 20:26,3e757d21163e21fb289dcce9c46b94a110475e75efaf34a96e6c541417c8970a,5fe4b2988ca9fc679fdc7b89f461c3e6f1a011d859d13cef04acb7c333fa8c29
2026-06-30,overnight,ROLL,{},10375.5,10375.5,隔夜+0.01%-成本,2026-06-30 20:26,5fe4b2988ca9fc679fdc7b89f461c3e6f1a011d859d13cef04acb7c333fa8c29,68fdb2668f60c5066a6acbfab81cf1dfd15202f58a6057227f656ba823e86727
2026-06-30,signal,HOLD,"{""NASDAQ"": 0.379128}",0.0,9938.35,,2026-06-30 20:26,68fdb2668f60c5066a6acbfab81cf1dfd15202f58a6057227f656ba823e86727,be0991ab5570a478de107059265603e94532f6cffaa5a268fc28f5ba166ccaed
2026-06-30,trend,HOLD,"{""NASDAQ"": 0.397306}",0.0,10414.87,,2026-06-30 20:26,be0991ab5570a478de107059265603e94532f6cffaa5a268fc28f5ba166ccaed,267294b0739a9053d82707ae3fb5581cfba160bbe82688b4bde2ddf26e483090
2026-07-01,buyhold,HOLD,"{""NASDAQ"": 0.397306}",0.0,10345.86,,2026-07-01 20:21,267294b0739a9053d82707ae3fb5581cfba160bbe82688b4bde2ddf26e483090,839c52110821307a5d1ad23fd014b98cc5a3be1aef19b9b419f8a630ed6d9e04
2026-07-01,momentum,REBAL,"{""SNDK"": 1.721751, ""MU"": 3.389562, ""INTC"": 27.546665}",0.0,10496.93,调仓→SNDK(732%)+MU(251%)+INTC(246%),2026-07-01 20:21,839c52110821307a5d1ad23fd014b98cc5a3be1aef19b9b419f8a630ed6d9e04,37b04c6ad979570e52c39e9dc6979127b026ae30481416beeb99498ef71643cf
2026-07-01,overnight,ROLL,{},10271.42,10271.42,隔夜-0.98%-成本,2026-07-01 20:21,37b04c6ad979570e52c39e9dc6979127b026ae30481416beeb99498ef71643cf,0a2f05cfb06ea895cc988f558de63279390dbde4b0e76f7178e2b04debbd7a0b
2026-07-01,signal,HOLD,"{""NASDAQ"": 0.379128}",0.0,9872.5,,2026-07-01 20:21,0a2f05cfb06ea895cc988f558de63279390dbde4b0e76f7178e2b04debbd7a0b,157391f9e76e8474e6b235f68a8028c7bf22b54480206ca2529012ff00449648
2026-07-01,trend,HOLD,"{""NASDAQ"": 0.397306}",0.0,10345.86,,2026-07-01 20:21,157391f9e76e8474e6b235f68a8028c7bf22b54480206ca2529012ff00449648,31d991ae95c7ecf8e30c1241b32b6658aa5b2f2e52f7aae24d6a07db3d28d6ea
2026-07-02,buyhold,HOLD,"{""NASDAQ"": 0.397306}",0.0,10263.48,,2026-07-02 20:40,31d991ae95c7ecf8e30c1241b32b6658aa5b2f2e52f7aae24d6a07db3d28d6ea,deb7e5221d44c4ec1536487c5c0d43485120884bb3e037e785555290297fdd8e
2026-07-02,momentum,HOLD,"{""SNDK"": 1.721751, ""MU"": 3.389562, ""INTC"": 27.546665}",0.0,9626.42,,2026-07-02 20:40,deb7e5221d44c4ec1536487c5c0d43485120884bb3e037e785555290297fdd8e,dd827ff0f0032aaf141587f5d6e31c0b2749129e6a370c5bcbddd0cf5ba2d35f
2026-07-02,overnight,ROLL,{},10275.17,10275.17,隔夜+0.06%-成本,2026-07-02 20:40,dd827ff0f0032aaf141587f5d6e31c0b2749129e6a370c5bcbddd0cf5ba2d35f,97eda7654521898bb2c20d13fb75229746529c7616ab79ab8f1bb17cf0602b19
2026-07-02,signal,HOLD,"{""NASDAQ"": 0.379128}",0.0,9793.89,,2026-07-02 20:40,97eda7654521898bb2c20d13fb75229746529c7616ab79ab8f1bb17cf0602b19,1d93f53350e6784d3289ca9001e2f296257656ec0b4e85264d1a106fff8b56c8
2026-07-02,trend,HOLD,"{""NASDAQ"": 0.397306}",0.0,10263.48,,2026-07-02 20:40,1d93f53350e6784d3289ca9001e2f296257656ec0b4e85264d1a106fff8b56c8,92d7e1b789425e2dc8e4a5dd1974dc9fc6a4b98d595bf53bc6f4a9b332b1b95a
2026-07-06,buyhold,HOLD,"{""NASDAQ"": 0.397306}",0.0,10378.09,,2026-07-07 03:52,92d7e1b789425e2dc8e4a5dd1974dc9fc6a4b98d595bf53bc6f4a9b332b1b95a,da685b0b31cc4987c7a18131bdb4abe4a0f9733298e990b7fb350ffda7fd7d12
2026-07-06,momentum,HOLD,"{""SNDK"": 1.721751, ""MU"": 3.389562, ""INTC"": 27.546665}",0.0,9707.55,,2026-07-07 03:52,da685b0b31cc4987c7a18131bdb4abe4a0f9733298e990b7fb350ffda7fd7d12,4fe20c2e034dfb3fc7f40dc3af40c074fe47de8c5ce35fcae36bc556d8ef8c14
2026-07-06,overnight,ROLL,{},10375.49,10375.49,隔夜+1.00%-成本,2026-07-07 03:52,4fe20c2e034dfb3fc7f40dc3af40c074fe47de8c5ce35fcae36bc556d8ef8c14,64f44325a99c8da6940bb3d4152d274601a310e16bd145d0789b7eb4dc051408
2026-07-06,signal,HOLD,"{""NASDAQ"": 0.379128}",0.0,9903.26,,2026-07-07 03:52,64f44325a99c8da6940bb3d4152d274601a310e16bd145d0789b7eb4dc051408,5e3a15b176729fdd663886bda21de2816a38fa63a3ed3ac8b5e5e4d8f24bce90
2026-07-06,trend,HOLD,"{""NASDAQ"": 0.397306}",0.0,10378.09,,2026-07-07 03:52,5e3a15b176729fdd663886bda21de2816a38fa63a3ed3ac8b5e5e4d8f24bce90,9a42aef71399acd1d14d3d1e3decdc7d760041116cb12bec236fdb0db793fff6
2026-07-07,buyhold,HOLD,"{""NASDAQ"": 0.397306}",0.0,10257.92,,2026-07-07 20:21,9a42aef71399acd1d14d3d1e3decdc7d760041116cb12bec236fdb0db793fff6,b270e99eaffd3e590eee8e25a852b1418bc9f9facbae51c27831c755547286af
2026-07-07,momentum,HOLD,"{""SNDK"": 1.721751, ""MU"": 3.389562, ""INTC"": 27.546665}",0.0,9006.85,,2026-07-07 20:21,b270e99eaffd3e590eee8e25a852b1418bc9f9facbae51c27831c755547286af,82e91e1c6045ef9901210339359a8a550246be82de86241b66a7ed3c2734a54d
2026-07-07,overnight,ROLL,{},10248.82,10248.82,隔夜-1.20%-成本,2026-07-07 20:21,82e91e1c6045ef9901210339359a8a550246be82de86241b66a7ed3c2734a54d,20a2ca6f946fc235e9405fe7885ed73ed0bb464fd73d71811f370317a302ebc9
2026-07-07,signal,HOLD,"{""NASDAQ"": 0.379128}",0.0,9788.59,,2026-07-07 20:21,20a2ca6f946fc235e9405fe7885ed73ed0bb464fd73d71811f370317a302ebc9,52ebfa89ed732a39e1db48a00a00e2d23f4de0c24f9e8712653f69da900b2d39
2026-07-07,trend,HOLD,"{""NASDAQ"": 0.397306}",0.0,10257.92,,2026-07-07 20:21,52ebfa89ed732a39e1db48a00a00e2d23f4de0c24f9e8712653f69da900b2d39,f8c8548d950a575289be4e49fa52055368d529f90cb12a8496f2d2a3e4364618
2026-07-08,buyhold,HOLD,"{""NASDAQ"": 0.397306}",0.0,10278.57,,2026-07-08 20:15,f8c8548d950a575289be4e49fa52055368d529f90cb12a8496f2d2a3e4364618,512296f6ba2750d73dd8a4916c1fbca43bb9df3af4b10f5ad407fb3fb05e7af3
2026-07-08,momentum,HOLD,"{""SNDK"": 1.721751, ""MU"": 3.389562, ""INTC"": 27.546665}",0.0,9226.53,,2026-07-08 20:15,512296f6ba2750d73dd8a4916c1fbca43bb9df3af4b10f5ad407fb3fb05e7af3,1b351ab1a1d60ade911d0fd891b060fba1878cc5f39f5ea465fb81c45b3d48be
2026-07-08,overnight,ROLL,{},10181.91,10181.91,隔夜-0.63%-成本,2026-07-08 20:15,1b351ab1a1d60ade911d0fd891b060fba1878cc5f39f5ea465fb81c45b3d48be,40000f328fd08b8c2088434b949a7281eca6952a3ec1e8c007adbe033fd487d3
2026-07-08,signal,HOLD,"{""NASDAQ"": 0.379128}",0.0,9808.29,,2026-07-08 20:15,40000f328fd08b8c2088434b949a7281eca6952a3ec1e8c007adbe033fd487d3,c465d44da1d960ebe86cb91696860decb425b95ca41fa2da588283231b19ff1d
2026-07-08,trend,HOLD,"{""NASDAQ"": 0.397306}",0.0,10278.57,,2026-07-08 20:15,c465d44da1d960ebe86cb91696860decb425b95ca41fa2da588283231b19ff1d,0b837f1040ea242b71decb418f04c7820315bfa260b7b723d7a6b402afa02328
2026-07-09,buyhold,HOLD,"{""NASDAQ"": 0.397306}",0.0,10412.15,,2026-07-09 20:14,0b837f1040ea242b71decb418f04c7820315bfa260b7b723d7a6b402afa02328,40c8c55b283bbb7303dc01c7a0ba55d911ba66a4fc56c1f2e1d7478805fcafa2
2026-07-09,momentum,HOLD,"{""SNDK"": 1.721751, ""MU"": 3.389562, ""INTC"": 27.546665}",0.0,9660.81,,2026-07-09 20:14,40c8c55b283bbb7303dc01c7a0ba55d911ba66a4fc56c1f2e1d7478805fcafa2,0f04d9aeb377e7f9d817d1bdfe414df9eddd2b0690f7464c67b886b6227003be
2026-07-09,overnight,ROLL,{},10277.91,10277.91,隔夜+0.96%-成本,2026-07-09 20:14,0f04d9aeb377e7f9d817d1bdfe414df9eddd2b0690f7464c67b886b6227003be,0b91f17a511d9f99ab87cebf3d70023dd45209a413a01400d3c40244bddee424
2026-07-09,signal,HOLD,"{""NASDAQ"": 0.379128}",0.0,9935.77,,2026-07-09 20:14,0b91f17a511d9f99ab87cebf3d70023dd45209a413a01400d3c40244bddee424,96c22868d25dca6213d12ecc5dbe94f92cbbd8d2a1ce977a615070638be6700c
2026-07-09,trend,HOLD,"{""NASDAQ"": 0.397306}",0.0,10412.15,,2026-07-09 20:14,96c22868d25dca6213d12ecc5dbe94f92cbbd8d2a1ce977a615070638be6700c,51c8b08f8e0d689945b3f9a75fa57816153ce2c8a7e1475ac29741c3b5b9bff5
2026-07-10,buyhold,HOLD,"{""NASDAQ"": 0.397306}",0.0,10441.84,,2026-07-10 20:58,51c8b08f8e0d689945b3f9a75fa57816153ce2c8a7e1475ac29741c3b5b9bff5,1c7e6e66a8ec8c10536b444443a7390f2fe6d19cb2ce2e3d584f23ab65da3916
2026-07-10,momentum,HOLD,"{""SNDK"": 1.721751, ""MU"": 3.389562, ""INTC"": 27.546665}",0.0,9643.86,,2026-07-10 20:58,1c7e6e66a8ec8c10536b444443a7390f2fe6d19cb2ce2e3d584f23ab65da3916,ba2e3afc9c1f9be4a22e89f972e3885813b526763382b0aebfc99350f9ede392
2026-07-10,overnight,ROLL,{},10239.19,10239.19,隔夜-0.36%-成本,2026-07-10 20:58,ba2e3afc9c1f9be4a22e89f972e3885813b526763382b0aebfc99350f9ede392,bcf1cc0aeae14745f8257553c588381d3220cd1c7c31d79eaf2871490fec20a6
2026-07-10,signal,HOLD,"{""NASDAQ"": 0.379128}",0.0,9964.09,,2026-07-10 20:58,bcf1cc0aeae14745f8257553c588381d3220cd1c7c31d79eaf2871490fec20a6,ea58353e852df61a6ac496c7b24c228502531008c8c72cccc543e197f07acaa7
2026-07-10,trend,HOLD,"{""NASDAQ"": 0.397306}",0.0,10441.84,,2026-07-10 20:58,ea58353e852df61a6ac496c7b24c228502531008c8c72cccc543e197f07acaa7,d8cd87e46a8721de23868009b987b7259033f30b64fe9624bc8f5074dd543d30
2026-07-13,buyhold,HOLD,"{""NASDAQ"": 0.397306}",0.0,10279.57,,2026-07-13 20:46,d8cd87e46a8721de23868009b987b7259033f30b64fe9624bc8f5074dd543d30,7eddf49e0deb0d32a38258b38c92345fb16957e74d64102e8c10f5c2d257dd03
2026-07-13,momentum,HOLD,"{""SNDK"": 1.721751, ""MU"": 3.389562, ""INTC"": 27.546665}",0.0,8898.79,,2026-07-13 20:46,7eddf49e0deb0d32a38258b38c92345fb16957e74d64102e8c10f5c2d257dd03,ee800505e3648f18d9d1de2076c3cfeefe18e4a647ad52e7b61a9ed54befb0a9
2026-07-13,overnight,ROLL,{},10127.2,10127.2,隔夜-1.07%-成本,2026-07-13 20:46,ee800505e3648f18d9d1de2076c3cfeefe18e4a647ad52e7b61a9ed54befb0a9,c4618711b50bbcc0743f76f7f3affddb28132ea022e99a39c5d46c0eb3a97994
2026-07-13,signal,HOLD,"{""NASDAQ"": 0.379128}",0.0,9809.25,,2026-07-13 20:46,c4618711b50bbcc0743f76f7f3affddb28132ea022e99a39c5d46c0eb3a97994,5960af1021d3ee6dd67061243bceba8cf1702fcf4a72c11d0e1e3d16f67be3e8
2026-07-13,trend,HOLD,"{""NASDAQ"": 0.397306}",0.0,10279.57,,2026-07-13 20:46,5960af1021d3ee6dd67061243bceba8cf1702fcf4a72c11d0e1e3d16f67be3e8,fae7e74a73479d49e94d2e1ff8b8fa7d5181447d1c1e43ad09fb4c529e3b7417
2026-07-14,buyhold,HOLD,"{""NASDAQ"": 0.397306}",0.0,10372.47,,2026-07-14 21:28,fae7e74a73479d49e94d2e1ff8b8fa7d5181447d1c1e43ad09fb4c529e3b7417,9cbe25286fd85060274872f8274aafc4a4deb428fa7704ec22f6f436aa34f6ca
2026-07-14,momentum,HOLD,"{""SNDK"": 1.721751, ""MU"": 3.389562, ""INTC"": 27.546665}",0.0,9327.3,,2026-07-14 21:28,9cbe25286fd85060274872f8274aafc4a4deb428fa7704ec22f6f436aa34f6ca,abe1db02ccb7716349bbb60afc957fa737054c78bb9ad3aa575630e399c6cddd
2026-07-14,overnight,ROLL,{},10244.7,10244.7,隔夜+1.18%-成本,2026-07-14 21:28,abe1db02ccb7716349bbb60afc957fa737054c78bb9ad3aa575630e399c6cddd,5b75aa0e9107c724281defdf9ddf0cbe1629bcdd001a68ea06a222f60cd59085
2026-07-14,signal,HOLD,"{""NASDAQ"": 0.379128}",0.0,9897.9,,2026-07-14 21:28,5b75aa0e9107c724281defdf9ddf0cbe1629bcdd001a68ea06a222f60cd59085,d8ba01024586ca8b7ff73105f8f19291d2bd1761808f257e71dad8d4f8e4ab2a
2026-07-14,trend,HOLD,"{""NASDAQ"": 0.397306}",0.0,10372.47,,2026-07-14 21:28,d8ba01024586ca8b7ff73105f8f19291d2bd1761808f257e71dad8d4f8e4ab2a,08c871c0c967e528b1c91a04644aeea8ab364ed0775bf2c12dd32fcf8f69236b
2026-07-15,buyhold,HOLD,"{""NASDAQ"": 0.397306}",0.0,10436.92,,2026-07-15 20:31,08c871c0c967e528b1c91a04644aeea8ab364ed0775bf2c12dd32fcf8f69236b,ea6e3e7dcd2c9f3146855007753808fdae73882d62bbcc0bde6e9f658d57ec31
2026-07-15,momentum,HOLD,"{""SNDK"": 1.721751, ""MU"": 3.389562, ""INTC"": 27.546665}",0.0,8682.77,,2026-07-15 20:31,ea6e3e7dcd2c9f3146855007753808fdae73882d62bbcc0bde6e9f658d57ec31,ea47693531025756f2a368a399314247ec5e59dace29efdf345d7ef526258bf8
2026-07-15,overnight,ROLL,{},10418.26,10418.26,隔夜+1.71%-成本,2026-07-15 20:31,ea47693531025756f2a368a399314247ec5e59dace29efdf345d7ef526258bf8,2f88f990f05dd94037ab0dbaed80a1858548cdac22c84326e3d501d0766cbcb7
2026-07-15,signal,HOLD,"{""NASDAQ"": 0.379128}",0.0,9959.4,,2026-07-15 20:31,2f88f990f05dd94037ab0dbaed80a1858548cdac22c84326e3d501d0766cbcb7,4b681d3291051c24c13efd23bcbe3280b827c9131ca27e5362036ba1ab5fd5cd
2026-07-15,trend,HOLD,"{""NASDAQ"": 0.397306}",0.0,10436.92,,2026-07-15 20:31,4b681d3291051c24c13efd23bcbe3280b827c9131ca27e5362036ba1ab5fd5cd,7b9665a0d4349d53aa57d261be2d24d198bf80485fd8c8268850f315d30aa3fc
2026-07-16,buyhold,HOLD,"{""NASDAQ"": 0.397306}",0.0,10283.05,,2026-07-16 21:31,7b9665a0d4349d53aa57d261be2d24d198bf80485fd8c8268850f315d30aa3fc,57781462d51939a6e32b7b009de9d6ae8c61ba70e1cabf9977678818b1b45a7f
2026-07-16,momentum,HOLD,"{""SNDK"": 1.721751, ""MU"": 3.389562, ""INTC"": 27.546665}",0.0,7992.98,,2026-07-16 21:31,57781462d51939a6e32b7b009de9d6ae8c61ba70e1cabf9977678818b1b45a7f,d581688a883d2bf4f38d7c2560b526f089ea47537c9be9bf0f58435acb34922e
2026-07-16,overnight,ROLL,{},10332.86,10332.86,隔夜-0.80%-成本,2026-07-16 21:31,d581688a883d2bf4f38d7c2560b526f089ea47537c9be9bf0f58435acb34922e,eb7264642e54ef1793299b320227b6228c7e45f4aeb0e073302c9c2ee173a6e0
2026-07-16,signal,HOLD,"{""NASDAQ"": 0.379128}",0.0,9812.57,,2026-07-16 21:31,eb7264642e54ef1793299b320227b6228c7e45f4aeb0e073302c9c2ee173a6e0,dfd6cf15339a190c067c06f737d73cf5c4bc64ba9d5797cd963f18b46cba9962
2026-07-16,trend,HOLD,"{""NASDAQ"": 0.397306}",0.0,10283.05,,2026-07-16 21:31,dfd6cf15339a190c067c06f737d73cf5c4bc64ba9d5797cd963f18b46cba9962,01738414fc67908f99d334d3bf497e9d029f769b4b5bc884104098b07f1cc62d
2026-07-17,buyhold,HOLD,"{""NASDAQ"": 0.397306}",0.0,10139.35,,2026-07-17 20:41,01738414fc67908f99d334d3bf497e9d029f769b4b5bc884104098b07f1cc62d,70171914c5708233e0296dfb830d119aa731613be4557d6b808efc9ddb3ac414
2026-07-17,momentum,HOLD,"{""SNDK"": 1.721751, ""MU"": 3.389562, ""INTC"": 27.546665}",0.0,7828.27,,2026-07-17 20:41,70171914c5708233e0296dfb830d119aa731613be4557d6b808efc9ddb3ac414,85daba212acda425f411fa95c032d1db23c3fe44a3164a22e8e34346270b0a93
2026-07-17,overnight,ROLL,{},10121.34,10121.34,隔夜-2.03%-成本,2026-07-17 20:41,85daba212acda425f411fa95c032d1db23c3fe44a3164a22e8e34346270b0a93,a3dd2ccbd3c63c3b3003a3b969636abb83c444597ba9cdd48ced314713349909
2026-07-17,signal,HOLD,"{""NASDAQ"": 0.379128}",0.0,9675.44,,2026-07-17 20:41,a3dd2ccbd3c63c3b3003a3b969636abb83c444597ba9cdd48ced314713349909,17e7df411aecc0329f0b0c88e95b5aab4a0387b647f5c0e611bfe555216736b5
2026-07-17,trend,HOLD,"{""NASDAQ"": 0.397306}",0.0,10139.35,,2026-07-17 20:41,17e7df411aecc0329f0b0c88e95b5aab4a0387b647f5c0e611bfe555216736b5,f8fac6ad4cb7975f4dc5a4a1c913bbbbdbd1394f70fca1d3e03e015898433343
2026-07-20,buyhold,HOLD,"{""NASDAQ"": 0.397306}",0.0,10134.51,,2026-07-20 20:46,f8fac6ad4cb7975f4dc5a4a1c913bbbbdbd1394f70fca1d3e03e015898433343,cb6687909cba3f4276df1f4a43ed0a80da25edfd729eb85f5001a776bf9eaaf0
2026-07-20,momentum,HOLD,"{""SNDK"": 1.721751, ""MU"": 3.389562, ""INTC"": 27.546665}",0.0,8002.08,,2026-07-20 20:46,cb6687909cba3f4276df1f4a43ed0a80da25edfd729eb85f5001a776bf9eaaf0,a45967fe35f6ea0cdc7386b770a4cf4e8d92000431fcaf37dbcc2a0beca97d2b
2026-07-20,overnight,ROLL,{},10220.19,10220.19,隔夜+1.00%-成本,2026-07-20 20:46,a45967fe35f6ea0cdc7386b770a4cf4e8d92000431fcaf37dbcc2a0beca97d2b,480a2d6963146ff69aaf7c557d282ed00b1e37eabcaf5d320d16eeb7e0e3a907
2026-07-20,signal,HOLD,"{""NASDAQ"": 0.379128}",0.0,9670.82,,2026-07-20 20:46,480a2d6963146ff69aaf7c557d282ed00b1e37eabcaf5d320d16eeb7e0e3a907,c77f3a44bb737c1e027d359ae07391ba285e5fe811297349499cb9a777e020b2
2026-07-20,trend,HOLD,"{""NASDAQ"": 0.397306}",0.0,10134.51,,2026-07-20 20:46,c77f3a44bb737c1e027d359ae07391ba285e5fe811297349499cb9a777e020b2,aca532a2d56c02a23b096630a1d3f9ea9c4112be4aaa9239ade764d845b21beb
2026-07-21,buyhold,HOLD,"{""NASDAQ"": 0.397306}",0.0,10265.28,,2026-07-21 21:00,aca532a2d56c02a23b096630a1d3f9ea9c4112be4aaa9239ade764d845b21beb,d9fcf6a6ed76a0a1617740d7915cb65ea0ce13a5fd328d0873606da8fe29b7ae
2026-07-21,momentum,HOLD,"{""SNDK"": 1.721751, ""MU"": 3.389562, ""INTC"": 27.546665}",0.0,8932.0,,2026-07-21 21:00,d9fcf6a6ed76a0a1617740d7915cb65ea0ce13a5fd328d0873606da8fe29b7ae,e6cf7dde985bd2888f5db7b860c681ad2b9c85c5d6d3dfbdf54d3df99b0e1b5a
2026-07-21,overnight,ROLL,{},10374.08,10374.08,隔夜+1.53%-成本,2026-07-21 21:00,e6cf7dde985bd2888f5db7b860c681ad2b9c85c5d6d3dfbdf54d3df99b0e1b5a,7132511a19a7032c4ea04f69f425417b688db9617d6457324ab415f658497647
2026-07-21,signal,HOLD,"{""NASDAQ"": 0.379128}",0.0,9795.61,,2026-07-21 21:00,7132511a19a7032c4ea04f69f425417b688db9617d6457324ab415f658497647,0e851fd0098ef3289af483df4c3836ce5665d84c81ce43000e99bdc1c4c5ff05
2026-07-21,trend,HOLD,"{""NASDAQ"": 0.397306}",0.0,10265.28,,2026-07-21 21:00,0e851fd0098ef3289af483df4c3836ce5665d84c81ce43000e99bdc1c4c5ff05,81b37905cbdf3d03f8062376ac259c2308f71fe39afee8b860d9202e9dbcfa83
2026-07-22,buyhold,HOLD,"{""NASDAQ"": 0.397306}",0.0,10207.15,,2026-07-22 20:36,81b37905cbdf3d03f8062376ac259c2308f71fe39afee8b860d9202e9dbcfa83,c69c51c2cb01e368868dc0a96d788654b03babfb6d623814816886661f843ecf
2026-07-22,momentum,HOLD,"{""SNDK"": 1.721751, ""MU"": 3.389562, ""INTC"": 27.546665}",0.0,8832.6,,2026-07-22 20:36,c69c51c2cb01e368868dc0a96d788654b03babfb6d623814816886661f843ecf,f957b07ca484adeeb1ff5c67658da18dc78bddcc54d07c1c55c0e824907118ad
2026-07-22,overnight,ROLL,{},10294.01,10294.01,隔夜-0.75%-成本,2026-07-22 20:36,f957b07ca484adeeb1ff5c67658da18dc78bddcc54d07c1c55c0e824907118ad,aed42be5222588fe40921dffccfe028ad736b86ac6f4ab7db4c5edd52b9e5875
2026-07-22,signal,HOLD,"{""NASDAQ"": 0.379128}",0.0,9740.14,,2026-07-22 20:36,aed42be5222588fe40921dffccfe028ad736b86ac6f4ab7db4c5edd52b9e5875,dfbed2087b79ceacf58894291d14419bbca9dd9d547468688e4e0ad08c24151d
2026-07-22,trend,HOLD,"{""NASDAQ"": 0.397306}",0.0,10207.15,,2026-07-22 20:36,dfbed2087b79ceacf58894291d14419bbca9dd9d547468688e4e0ad08c24151d,8a35fcbe3532a84c07b9657a666228b88c15ed2cf9f04d7b0270c1b6236dcc62
2026-07-23,buyhold,HOLD,"{""NASDAQ"": 0.397306}",0.0,9987.36,,2026-07-23 20:05,8a35fcbe3532a84c07b9657a666228b88c15ed2cf9f04d7b0270c1b6236dcc62,3815eb1ac3656d56396bb6555c1498a70f640b9640868af8b2ff973139ad78d8
2026-07-23,momentum,HOLD,"{""SNDK"": 1.721751, ""MU"": 3.389562, ""INTC"": 27.546665}",0.0,8889.97,,2026-07-23 20:05,3815eb1ac3656d56396bb6555c1498a70f640b9640868af8b2ff973139ad78d8,4d581993b19cafd0bc15dbbb5b01406a7dab6fdbeebae1cb54cd5af669dc61d8
2026-07-23,overnight,ROLL,{},10135.65,10135.65,隔夜-1.52%-成本,2026-07-23 20:05,4d581993b19cafd0bc15dbbb5b01406a7dab6fdbeebae1cb54cd5af669dc61d8,a7b8c0f46880e2e7f6165148ab6cfaf20796f9e0277e5616e89454a4769ba081
2026-07-23,signal,HOLD,"{""NASDAQ"": 0.379128}",0.0,9530.4,,2026-07-23 20:05,a7b8c0f46880e2e7f6165148ab6cfaf20796f9e0277e5616e89454a4769ba081,56a980fcd03d84350bbd2bc208c2a1506bc6a96b44f5366495dda9a37ea93406
2026-07-23,trend,HOLD,"{""NASDAQ"": 0.397306}",0.0,9987.36,,2026-07-23 20:05,56a980fcd03d84350bbd2bc208c2a1506bc6a96b44f5366495dda9a37ea93406,fafaf0751a7dd7187b56384b580c054d7371bead5b3e24958f12a286fddfef10
2026-07-24,buyhold,HOLD,"{""NASDAQ"": 0.397306}",0.0,9923.04,,2026-07-28 15:57,fafaf0751a7dd7187b56384b580c054d7371bead5b3e24958f12a286fddfef10,fdef03cc9b3f17f746c607aa4160853f48573b059427363518707d25eb1a846b
2026-07-24,momentum,HOLD,"{""SNDK"": 1.721751, ""MU"": 3.389562, ""INTC"": 27.546665}",0.0,8138.12,,2026-07-28 15:57,fdef03cc9b3f17f746c607aa4160853f48573b059427363518707d25eb1a846b,d3bad5a4f2c663560cb0d0e7402047e5c6bc317c014dbdf7bb9061316c5c4a02
2026-07-24,overnight,ROLL,{},10218.98,10218.98,隔夜-0.22%-成本,2026-07-28 15:57,d3bad5a4f2c663560cb0d0e7402047e5c6bc317c014dbdf7bb9061316c5c4a02,275354a3f0be58d22b370422e0f64681e059859581952f4870041567e1ed5cb5
2026-07-24,signal,HOLD,"{""NASDAQ"": 0.379128}",0.0,9469.03,,2026-07-28 15:57,275354a3f0be58d22b370422e0f64681e059859581952f4870041567e1ed5cb5,4a76fb85d3a164483ec880a24541eeb889a50bf9993d50a2098bc7d99b18833c
2026-07-24,trend,HOLD,"{""NASDAQ"": 0.397306}",0.0,9923.04,,2026-07-28 15:57,4a76fb85d3a164483ec880a24541eeb889a50bf9993d50a2098bc7d99b18833c,e2b9db36f8adc623596659bf6090939d2d39e665e5714f27a7aba9f1a7c741c1
2026-07-27,buyhold,HOLD,"{""NASDAQ"": 0.397306}",0.0,9905.67,,2026-07-28 15:18,e2b9db36f8adc623596659bf6090939d2d39e665e5714f27a7aba9f1a7c741c1,1575eef56f2c4b8fa7611559f0880be6ee0b43a3061202440f7a12e78d6165a9
2026-07-27,momentum,HOLD,"{""SNDK"": 1.721751, ""MU"": 3.389562, ""INTC"": 27.546665}",0.0,7777.28,,2026-07-28 15:18,1575eef56f2c4b8fa7611559f0880be6ee0b43a3061202440f7a12e78d6165a9,a23f22412634e223c7fe71b6d55d36102617b3c4db3a8b7955c4eb4a1279f988
2026-07-27,overnight,ROLL,{},10243.98,10243.98,隔夜+1.09%-成本,2026-07-28 15:18,a23f22412634e223c7fe71b6d55d36102617b3c4db3a8b7955c4eb4a1279f988,c1f5b0a6c612b5a258bb854e071c213b90506ca3bcae586581124b8a99f84ee8
2026-07-27,signal,HOLD,"{""NASDAQ"": 0.379128}",0.0,9452.45,,2026-07-28 15:18,c1f5b0a6c612b5a258bb854e071c213b90506ca3bcae586581124b8a99f84ee8,a778b8f4bea3496d9339798006d2df552130bc5c49314e3bc4f1392386486ce6
2026-07-27,trend,HOLD,"{""NASDAQ"": 0.397306}",0.0,9905.67,,2026-07-28 15:18,a778b8f4bea3496d9339798006d2df552130bc5c49314e3bc4f1392386486ce6,c3df90dbfc09e15dabecf9295b680352a936f584d4e082884124634492af2b26
2026-07-28,buyhold,HOLD,"{""NASDAQ"": 0.397306}",0.0,9883.75,,2026-07-28 20:10,c3df90dbfc09e15dabecf9295b680352a936f584d4e082884124634492af2b26,4bcce93c33173156c75e7442cc76a3a5ab6cc5ba9c44c34ff43d78f7621022bf
2026-07-28,momentum,HOLD,"{""SNDK"": 1.721751, ""MU"": 3.389562, ""INTC"": 27.546665}",0.0,7045.73,,2026-07-28 20:10,4bcce93c33173156c75e7442cc76a3a5ab6cc5ba9c44c34ff43d78f7621022bf,0c3f94f982a4d1caa733e681f7bd22e8ca46f784d59785d71cb1052a509b96eb
2026-07-28,overnight,ROLL,{},10152.88,10152.88,隔夜-0.87%-成本,2026-07-28 20:10,0c3f94f982a4d1caa733e681f7bd22e8ca46f784d59785d71cb1052a509b96eb,60c398fb3b1b33ad463e21d48e7010c22d1997a4f8e5d92a9623670481cda7fe
2026-07-28,signal,HOLD,"{""NASDAQ"": 0.379128}",0.0,9431.53,,2026-07-28 20:10,60c398fb3b1b33ad463e21d48e7010c22d1997a4f8e5d92a9623670481cda7fe,571f802b5c715fe87ccad3f2e4e4150d05da9e17a91365364ff36cf40010debb
2026-07-28,trend,HOLD,"{""NASDAQ"": 0.397306}",0.0,9883.75,,2026-07-28 20:10,571f802b5c715fe87ccad3f2e4e4150d05da9e17a91365364ff36cf40010debb,723b09f1969085ace99735039b071b561300295224f28a4aedf98dfaba4da369
2026-07-29,buyhold,HOLD,"{""NASDAQ"": 0.397306}",0.0,9711.33,,2026-07-29 20:41,723b09f1969085ace99735039b071b561300295224f28a4aedf98dfaba4da369,c00803fb0cb6834c859fe70072bb167fe8ce2d3ae7e2e3913d33c4970edf3d71
2026-07-29,momentum,HOLD,"{""SNDK"": 1.721751, ""MU"": 3.389562, ""INTC"": 27.546665}",0.0,6509.52,,2026-07-29 20:41,c00803fb0cb6834c859fe70072bb167fe8ce2d3ae7e2e3913d33c4970edf3d71,ce23709742202063f25082c0ed3d36117745d992af6dbd7c0c29211dacd45eef
2026-07-29,overnight,ROLL,{},10051.72,10051.72,隔夜-0.98%-成本,2026-07-29 20:41,ce23709742202063f25082c0ed3d36117745d992af6dbd7c0c29211dacd45eef,f638a1c094ba683c4fc7217e5887103e31bd1136605462904a31c5658279b9a7
2026-07-29,signal,HOLD,"{""NASDAQ"": 0.379128}",0.0,9267.0,,2026-07-29 20:41,f638a1c094ba683c4fc7217e5887103e31bd1136605462904a31c5658279b9a7,63f0eb4e25f37c53759a645f083dce9b6f621d21ceb6ec15bbb84cb75bfa6cf4
2026-07-29,trend,HOLD,"{""NASDAQ"": 0.397306}",0.0,9711.33,,2026-07-29 20:41,63f0eb4e25f37c53759a645f083dce9b6f621d21ceb6ec15bbb84cb75bfa6cf4,0eb36d5e08e6cfd011b4c401d5bdc4898e776485f3f920e55c7dde31cd3ebc03
2026-07-30,buyhold,HOLD,"{""NASDAQ"": 0.397306}",0.0,9981.19,,2026-07-30 20:10,0eb36d5e08e6cfd011b4c401d5bdc4898e776485f3f920e55c7dde31cd3ebc03,6bad2318eadbbf79c920e05662421f71dd2a8d672ad6245c7b3c27dec7eea0f1
2026-07-30,momentum,HOLD,"{""SNDK"": 1.721751, ""MU"": 3.389562, ""INTC"": 27.546665}",0.0,7678.81,,2026-07-30 20:10,6bad2318eadbbf79c920e05662421f71dd2a8d672ad6245c7b3c27dec7eea0f1,94318ef62c7ea8b3d4782f38c1ffef8dcdaf692251c3ca77255e0e8c199e84d2
2026-07-30,overnight,ROLL,{},10246.57,10246.57,隔夜+1.96%-成本,2026-07-30 20:10,94318ef62c7ea8b3d4782f38c1ffef8dcdaf692251c3ca77255e0e8c199e84d2,5cb0dcdc0c05780854135ed85924dc7c834ba7b3a20b3e532a75d9a67e17a3c5
2026-07-30,signal,HOLD,"{""NASDAQ"": 0.379128}",0.0,9524.52,,2026-07-30 20:10,5cb0dcdc0c05780854135ed85924dc7c834ba7b3a20b3e532a75d9a67e17a3c5,9b6cb7071c1ddb4bbe1c30c9d3a4a3a58d1c964dc496b6a7f104ca7a91880b7d
2026-07-30,trend,HOLD,"{""NASDAQ"": 0.397306}",0.0,9981.19,,2026-07-30 20:10,9b6cb7071c1ddb4bbe1c30c9d3a4a3a58d1c964dc496b6a7f104ca7a91880b7d,5094efd577208d895f4bc12319cc6e48aff5c03aad2b40fa94e8ad5f6283caf3
2026-07-31,buyhold,HOLD,"{""NASDAQ"": 0.397306}",0.0,10081.18,,2026-07-31 20:14,5094efd577208d895f4bc12319cc6e48aff5c03aad2b40fa94e8ad5f6283caf3,be8195ba00d3278b1f311f5fe5e08dbcfa17ebf1f357f78311d15b12bf20ece5
2026-07-31,momentum,HOLD,"{""SNDK"": 1.721751, ""MU"": 3.389562, ""INTC"": 27.546665}",0.0,7366.06,,2026-07-31 20:14,be8195ba00d3278b1f311f5fe5e08dbcfa17ebf1f357f78311d15b12bf20ece5,23e01f83869842da5e91e4ac9bf791f20149cca0cea229b1961f6e92dbe9c16e
2026-07-31,overnight,ROLL,{},10372.99,10372.99,隔夜+1.25%-成本,2026-07-31 20:14,23e01f83869842da5e91e4ac9bf791f20149cca0cea229b1961f6e92dbe9c16e,3abc11697d9d47b76d5a0c85c47f03d18f11a7bb4e3f025c7952842c04fb1cd2
2026-07-31,signal,HOLD,"{""NASDAQ"": 0.379128}",0.0,9619.94,,2026-07-31 20:14,3abc11697d9d47b76d5a0c85c47f03d18f11a7bb4e3f025c7952842c04fb1cd2,88d513583dc7b7e95be0c16871c4761550214a2ad977c7560b46428d82b0c276
2026-07-31,trend,HOLD,"{""NASDAQ"": 0.397306}",0.0,10081.18,,2026-07-31 20:14,88d513583dc7b7e95be0c16871c4761550214a2ad977c7560b46428d82b0c276,29348b198a304deefba72a2892826e14ea688c13c9c5ff959e31b2dcd17cd5b9
2026-08-03,buyhold,HOLD,"{""NASDAQ"": 0.397306}",0.0,10295.75,,2026-08-03 20:06,29348b198a304deefba72a2892826e14ea688c13c9c5ff959e31b2dcd17cd5b9,310d99e6c79ba0677b3ced9668810c4981f3324d1555adf27189e67b004c6518
2026-08-03,momentum,REBAL,"{""SNDK"": 1.950279, ""AMD"": 5.183267, ""MU"": 3.028352}",0.0,7536.06,调仓→SNDK(124%)+AMD(105%)+MU(100%),2026-08-03 20:06,310d99e6c79ba0677b3ced9668810c4981f3324d1555adf27189e67b004c6518,a55717e342c81a3a5c2e1ccc54c50ffd5ab175b2577c6540ab7199f58aeb5ebb
2026-08-03,overnight,ROLL,{},10376.19,10376.19,隔夜+0.05%-成本,2026-08-03 20:06,a55717e342c81a3a5c2e1ccc54c50ffd5ab175b2577c6540ab7199f58aeb5ebb,c5a1743ca692b292837a563a02fc59fb46be6923e1eed4db2238f15c264e2630
2026-08-03,signal,HOLD,"{""NASDAQ"": 0.379128}",0.0,9824.68,,2026-08-03 20:06,c5a1743ca692b292837a563a02fc59fb46be6923e1eed4db2238f15c264e2630,a1a912533eabd9585be6f54a01d16e1ded282ff3601ebccf9104001dae4778ff
2026-08-03,trend,HOLD,"{""NASDAQ"": 0.397306}",0.0,10295.75,,2026-08-03 20:06,a1a912533eabd9585be6f54a01d16e1ded282ff3601ebccf9104001dae4778ff,f24300526da6b41cc95c8fb3cbfe2e00b3bd20597e0d0e740277602f66697fee
2026-08-04,buyhold,HOLD,"{""NASDAQ"": 0.397306}",0.0,10562.38,,2026-08-04 20:05,f24300526da6b41cc95c8fb3cbfe2e00b3bd20597e0d0e740277602f66697fee,2d4905556d07650cca45591bc02d8b3fad5ae101568629fbc97b7b3590902b92
2026-08-04,momentum,HOLD,"{""SNDK"": 1.950279, ""AMD"": 5.183267, ""MU"": 3.028352}",0.0,8175.51,,2026-08-04 20:05,2d4905556d07650cca45591bc02d8b3fad5ae101568629fbc97b7b3590902b92,012f912e30e31fefc5bf00423908b1f9c5b9f2a5c2484367e3cab3a51e66f29f
2026-08-04,overnight,ROLL,{},10494.69,10494.69,隔夜+1.16%-成本,2026-08-04 20:05,012f912e30e31fefc5bf00423908b1f9c5b9f2a5c2484367e3cab3a51e66f29f,92230276c4a395d085298cc241d170149d79645e7d0b8e453035a82674839ed9
2026-08-04,signal,HOLD,"{""NASDAQ"": 0.379128}",0.0,10079.11,,2026-08-04 20:05,92230276c4a395d085298cc241d170149d79645e7d0b8e453035a82674839ed9,a83530244a9a5ea0402e63482e400bf88710962ab68e34e2799cb8857d170ed2
2026-08-04,trend,HOLD,"{""NASDAQ"": 0.397306}",0.0,10562.38,,2026-08-04 20:05,a83530244a9a5ea0402e63482e400bf88710962ab68e34e2799cb8857d170ed2,997c1fed2ce5c5c8d51cdaf294983063d5d23114bc7875655a1568af6dc753af
2026-08-05,buyhold,HOLD,"{""NASDAQ"": 0.397306}",0.0,10474.35,,2026-08-05 20:23,997c1fed2ce5c5c8d51cdaf294983063d5d23114bc7875655a1568af6dc753af,4a5d908b69c673dabfd5582b203a32fb7181db8d4aee03c2702225ef95f78b5e
2026-08-05,momentum,HOLD,"{""SNDK"": 1.950279, ""AMD"": 5.183267, ""MU"": 3.028352}",0.0,7837.34,,2026-08-05 20:23,4a5d908b69c673dabfd5582b203a32fb7181db8d4aee03c2702225ef95f78b5e,5fd22575eeb98e4fc22a9b9006210ee7154be508ece3323f9fa3cd7279f01959
2026-08-05,overnight,ROLL,{},10527.02,10527.02,隔夜+0.33%-成本,2026-08-05 20:23,5fd22575eeb98e4fc22a9b9006210ee7154be508ece3323f9fa3cd7279f01959,559a18c19b19c6fd3ba5d414e370cecd25a322f86de0e304287772c2d83250b8
2026-08-05,signal,HOLD,"{""NASDAQ"": 0.379128}",0.0,9995.12,,2026-08-05 20:23,559a18c19b19c6fd3ba5d414e370cecd25a322f86de0e304287772c2d83250b8,21267ce325bcd5db7f8c16f972ea06a439d5473145b61eaf725b0e2c87dae0ce
2026-08-05,trend,HOLD,"{""NASDAQ"": 0.397306}",0.0,10474.35,,2026-08-05 20:23,21267ce325bcd5db7f8c16f972ea06a439d5473145b61eaf725b0e2c87dae0ce,f596c9f483d0e024147c9497fa7b813105ffa1ee4ab2cf3d18c4399c56ca275c
2026-08-06,buyhold,HOLD,"{""NASDAQ"": 0.397306}",0.0,10468.36,,2026-08-06 22:38,f596c9f483d0e024147c9497fa7b813105ffa1ee4ab2cf3d18c4399c56ca275c,8f24651a89063dda34dbf6003685218440c00a03a7732bba229cf07dd2d9d37d
2026-08-06,momentum,HOLD,"{""SNDK"": 1.950279, ""AMD"": 5.183267, ""MU"": 3.028352}",0.0,7660.05,,2026-08-06 22:38,8f24651a89063dda34dbf6003685218440c00a03a7732bba229cf07dd2d9d37d,3cab06d51e8a404654257a03c403b772e270814f01ae869f0599961833074fb0
2026-08-06,overnight,ROLL,{},10428.93,10428.93,隔夜-0.91%-成本,2026-08-06 22:38,3cab06d51e8a404654257a03c403b772e270814f01ae869f0599961833074fb0,b56252ae162f7136f58ff0eeb56694f0b750018f28b20d30be607e2cf90707b4
2026-08-06,signal,HOLD,"{""NASDAQ"": 0.379128}",0.0,9989.4,,2026-08-06 22:38,b56252ae162f7136f58ff0eeb56694f0b750018f28b20d30be607e2cf90707b4,34da3074bd1e94747393e067deb9cafab25f86c82606b9eb4a85979fb555b833
2026-08-06,trend,HOLD,"{""NASDAQ"": 0.397306}",0.0,10468.36,,2026-08-06 22:38,34da3074bd1e94747393e067deb9cafab25f86c82606b9eb4a85979fb555b833,1734d45b216b1f5f03dfd85ee2db37745c52c82d5fca8e29598bb51279f004f6
2026-08-07,buyhold,HOLD,"{""NASDAQ"": 0.397306}",0.0,10604.34,,2026-08-07 20:26,1734d45b216b1f5f03dfd85ee2db37745c52c82d5fca8e29598bb51279f004f6,4138c4554f9b46b9a654494c0a1a5f522780c918b37a0ccb522107a5f30111b1
2026-08-07,momentum,HOLD,"{""SNDK"": 1.950279, ""AMD"": 5.183267, ""MU"": 3.028352}",0.0,7527.12,,2026-08-07 20:26,4138c4554f9b46b9a654494c0a1a5f522780c918b37a0ccb522107a5f30111b1,b5b073aa049362a88b59c5ccbcd21d509d44e45fea4296035658429daf57eb97
2026-08-07,overnight,ROLL,{},10507.69,10507.69,隔夜+0.78%-成本,2026-08-07 20:26,b5b073aa049362a88b59c5ccbcd21d509d44e45fea4296035658429daf57eb97,bb3ab732e066a9021ab60036353e3d4e414adfd79418b2fbc9ad2bfc0075a32e
2026-08-07,signal,HOLD,"{""NASDAQ"": 0.379128}",0.0,10119.16,,2026-08-07 20:26,bb3ab732e066a9021ab60036353e3d4e414adfd79418b2fbc9ad2bfc0075a32e,d32d92742690f79572367a8a21acdb82fb10eb2b67720a498cf9088989bff3bb
2026-08-07,trend,HOLD,"{""NASDAQ"": 0.397306}",0.0,10604.34,,2026-08-07 20:26,d32d92742690f79572367a8a21acdb82fb10eb2b67720a498cf9088989bff3bb,c3f451dbb45f446e80d830a46de3a0fac6094eea3b3713e5f4fc0c25e9553bd7
2026-08-10,buyhold,HOLD,"{""NASDAQ"": 0.397306}",0.0,10570.47,,2026-08-10 20:28,c3f451dbb45f446e80d830a46de3a0fac6094eea3b3713e5f4fc0c25e9553bd7,6075d2040997a092e7b9a6b610ce0ccf96e3e74463e1c820f0178bb927cb9214
2026-08-10,momentum,HOLD,"{""SNDK"": 1.950279, ""AMD"": 5.183267, ""MU"": 3.028352}",0.0,7455.56,,2026-08-10 20:28,6075d2040997a092e7b9a6b610ce0ccf96e3e74463e1c820f0178bb927cb9214,e4a099815503158d50c08ecb32216375f2ae73a1a75d4acb5ffc3cc809971720
2026-08-10,overnight,ROLL,{},10500.07,10500.07,隔夜-0.05%-成本,2026-08-10 20:28,e4a099815503158d50c08ecb32216375f2ae73a1a75d4acb5ffc3cc809971720,1ed1f6bb4a8d7bb0803516f49fc510a85c162663563f70507148e588b6c26225
2026-08-10,signal,HOLD,"{""NASDAQ"": 0.379128}",0.0,10086.84,,2026-08-10 20:28,1ed1f6bb4a8d7bb0803516f49fc510a85c162663563f70507148e588b6c26225,0a3e1ca6025874140f1d9cf9b8ff806ccdbee1d0b58e14e3854b823b5bdfdff8
2026-08-10,trend,HOLD,"{""NASDAQ"": 0.397306}",0.0,10570.47,,2026-08-10 20:28,0a3e1ca6025874140f1d9cf9b8ff806ccdbee1d0b58e14e3854b823b5bdfdff8,84bbe534d26c3857a595dd29942c13333e53462ca403b9426cc916accad4ab4d
2026-08-11,buyhold,HOLD,"{""NASDAQ"": 0.397306}",0.0,10506.93,,2026-08-11 20:31,84bbe534d26c3857a595dd29942c13333e53462ca403b9426cc916accad4ab4d,21ae0114310040df1b71ec70d86eb26a158d624c8e09a0338a3bda7f91ab1534
2026-08-11,momentum,HOLD,"{""SNDK"": 1.950279, ""AMD"": 5.183267, ""MU"": 3.028352}",0.0,7567.61,,2026-08-11 20:31,21ae0114310040df1b71ec70d86eb26a158d624c8e09a0338a3bda7f91ab1534,446dad0d40577691eedf385b77bb2bcf5a15e353725c3a8be87f89b50a0ea9bf
2026-08-11,overnight,ROLL,{},10533.36,10533.36,隔夜+0.34%-成本,2026-08-11 20:31,446dad0d40577691eedf385b77bb2bcf5a15e353725c3a8be87f89b50a0ea9bf,14dea3843adcdb806ba54b6daf141bbd6cedf5ddfbc2fa9a7a3eb8c5fcebb690
2026-08-11,signal,HOLD,"{""NASDAQ"": 0.379128}",0.0,10026.21,,2026-08-11 20:31,14dea3843adcdb806ba54b6daf141bbd6cedf5ddfbc2fa9a7a3eb8c5fcebb690,10f59000cb241e59f3ddcd3fe8c6923f544f55d62c78a2698f0828480b0b1a11
2026-08-11,trend,HOLD,"{""NASDAQ"": 0.397306}",0.0,10506.93,,2026-08-11 20:31,10f59000cb241e59f3ddcd3fe8c6923f544f55d62c78a2698f0828480b0b1a11,220b16648eb0bdaf4d4123acc5c8da6635ea2db2c688cb3462ab9bee12c4c7c8
2026-08-12,buyhold,HOLD,"{""NASDAQ"": 0.397306}",0.0,10563.77,,2026-08-12 20:29,220b16648eb0bdaf4d4123acc5c8da6635ea2db2c688cb3462ab9bee12c4c7c8,72c18bf98aecf0b606c689e931b1eb740cf033dc70f1d72f545d44366418634a
2026-08-12,momentum,HOLD,"{""SNDK"": 1.950279, ""AMD"": 5.183267, ""MU"": 3.028352}",0.0,7884.6,,2026-08-12 20:29,72c18bf98aecf0b606c689e931b1eb740cf033dc70f1d72f545d44366418634a,bfbdd15d65b918243b64d3a67b124feb0866924a509d99bcc2a60e4b55570db1
2026-08-12,overnight,ROLL,{},10656.17,10656.17,隔夜+1.19%-成本,2026-08-12 20:29,bfbdd15d65b918243b64d3a67b124feb0866924a509d99bcc2a60e4b55570db1,1810a950e9d44dc312dd25ebb32ffda28819d9de4e21de2a28ddba6438e33c40
2026-08-12,signal,HOLD,"{""NASDAQ"": 0.379128}",0.0,10080.44,,2026-08-12 20:29,1810a950e9d44dc312dd25ebb32ffda28819d9de4e21de2a28ddba6438e33c40,23dcb14418ef6689b82173679f7d7af1d37223808e58609b16c689e7c962a793
2026-08-12,trend,HOLD,"{""NASDAQ"": 0.397306}",0.0,10563.77,,2026-08-12 20:29,23dcb14418ef6689b82173679f7d7af1d37223808e58609b16c689e7c962a793,f0da2d62ccc9c1e9e678ca96aad69abfc84707bebf62ff1904ea3a6ed555e5ec
2026-08-13,buyhold,HOLD,"{""NASDAQ"": 0.397306}",0.0,10649.0,,2026-08-13 20:27,f0da2d62ccc9c1e9e678ca96aad69abfc84707bebf62ff1904ea3a6ed555e5ec,a1dd096564f640fee86c0df0285e2e4adf2a75f29902f69d37202bf707b437d4
2026-08-13,momentum,HOLD,"{""SNDK"": 1.950279, ""AMD"": 5.183267, ""MU"": 3.028352}",0.0,8360.23,,2026-08-13 20:27,a1dd096564f640fee86c0df0285e2e4adf2a75f29902f69d37202bf707b437d4,98e7d1600259e6a2843a8abcb307ca6f0b59002182d923d3333ffc2fdeee0672
2026-08-13,overnight,ROLL,{},10675.02,10675.02,隔夜+0.20%-成本,2026-08-13 20:27,98e7d1600259e6a2843a8abcb307ca6f0b59002182d923d3333ffc2fdeee0672,efaeac69b88b3b9f112908bedc8aa98f17031e458bd7cb6961076a56b1700b07
2026-08-13,signal,HOLD,"{""NASDAQ"": 0.379128}",0.0,10161.78,,2026-08-13 20:27,efaeac69b88b3b9f112908bedc8aa98f17031e458bd7cb6961076a56b1700b07,e6ee1a9c722720b4353b86011760b671baf287bf28209baa23d3e10028c38970
2026-08-13,trend,HOLD,"{""NASDAQ"": 0.397306}",0.0,10649.0,,2026-08-13 20:27,e6ee1a9c722720b4353b86011760b671baf287bf28209baa23d3e10028c38970,ae56b06014b375282af13184140c5eac255e421ba0932a4b73d599c9c1d40e53
2026-08-14,buyhold,HOLD,"{""NASDAQ"": 0.397306}",0.0,10619.66,,2026-08-14 20:19,ae56b06014b375282af13184140c5eac255e421ba0932a4b73d599c9c1d40e53,c6609c47ba1ed164c4c9e92ffd03f307653d4f2245d7de16f32d0de301e71115
2026-08-14,momentum,HOLD,"{""SNDK"": 1.950279, ""AMD"": 5.183267, ""MU"": 3.028352}",0.0,8809.37,,2026-08-14 20:19,c6609c47ba1ed164c4c9e92ffd03f307653d4f2245d7de16f32d0de301e71115,15035edbc96bf8cc37e28ca06167db98d259381ab0fc959251c8f48fe9584136
2026-08-14,overnight,ROLL,{},10690.24,10690.24,隔夜+0.16%-成本,2026-08-14 20:19,15035edbc96bf8cc37e28ca06167db98d259381ab0fc959251c8f48fe9584136,99cc26bd2511dd434a5a5ec4ca77425acddf1a9d6230959ce85f6262580855f7
2026-08-14,signal,HOLD,"{""NASDAQ"": 0.379128}",0.0,10133.77,,2026-08-14 20:19,99cc26bd2511dd434a5a5ec4ca77425acddf1a9d6230959ce85f6262580855f7,eeb1e82cff5b5a9a5dda49fde5aeb3f497ea22ca691a5c5e39c9d6ad9b945f61
2026-08-14,trend,HOLD,"{""NASDAQ"": 0.397306}",0.0,10619.66,,2026-08-14 20:19,eeb1e82cff5b5a9a5dda49fde5aeb3f497ea22ca691a5c5e39c9d6ad9b945f61,081c0ef2748c994f7580cebb29c5d048fc8db46ecd2f016d1410a48b16240b3d
2026-08-17,buyhold,HOLD,"{""NASDAQ"": 0.397306}",0.0,10586.18,,2026-08-17 20:12,081c0ef2748c994f7580cebb29c5d048fc8db46ecd2f016d1410a48b16240b3d,ca471aa45e18a30edf3c46538cf66d30daff941b619403558b5b8f5be416df5f
2026-08-17,momentum,HOLD,"{""SNDK"": 1.950279, ""AMD"": 5.183267, ""MU"": 3.028352}",0.0,9171.52,,2026-08-17 20:12,ca471aa45e18a30edf3c46538cf66d30daff941b619403558b5b8f5be416df5f,185e3b80913726432a62780d4c69d494e33d71fa8fdaff8c44f44cca958c59e0
2026-08-17,overnight,ROLL,{},10715.74,10715.74,隔夜+0.26%-成本,2026-08-17 21:56,185e3b80913726432a62780d4c69d494e33d71fa8fdaff8c44f44cca958c59e0,f63df2e3d90011b17e18d1e4950d2c97d55f715e30e20ad8531f666ecfea0230
2026-08-17,signal,HOLD,"{""NASDAQ"": 0.379128}",0.0,10101.83,,2026-08-17 20:12,f63df2e3d90011b17e18d1e4950d2c97d55f715e30e20ad8531f666ecfea0230,35ade7ae91ab1665cfb49db6a185ffec9c95f7770b496dca70545400a68f8bbc
2026-08-17,trend,HOLD,"{""NASDAQ"": 0.397306}",0.0,10586.18,,2026-08-17 20:12,35ade7ae91ab1665cfb49db6a185ffec9c95f7770b496dca70545400a68f8bbc,9e002ef6e25cec6bee777e81af4b7518e4c0910631e8b1d3407f5f73007e2b9f
2026-08-18,buyhold,HOLD,"{""NASDAQ"": 0.397306}",0.0,10445.06,,2026-08-18 20:10,9e002ef6e25cec6bee777e81af4b7518e4c0910631e8b1d3407f5f73007e2b9f,15a740ba74cb7ed213090c54a85033672a4853250e9796968fac00c32fae4d80
2026-08-18,momentum,HOLD,"{""SNDK"": 1.950279, ""AMD"": 5.183267, ""MU"": 3.028352}",0.0,8530.4,,2026-08-18 20:10,15a740ba74cb7ed213090c54a85033672a4853250e9796968fac00c32fae4d80,151a295a8c980aa1ab44d8b10c557b5c269b21a46e23316445d3803ab22099e4
2026-08-18,overnight,ROLL,{},10571.92,10571.92,隔夜-1.32%-成本,2026-08-18 21:53,151a295a8c980aa1ab44d8b10c557b5c269b21a46e23316445d3803ab22099e4,c35ec1d7f983ff5d7e40c0e32c91fd6cb2ceb2841f7d7ce9a52060b39914c92d
2026-08-18,signal,HOLD,"{""NASDAQ"": 0.379128}",0.0,9967.17,,2026-08-18 20:10,c35ec1d7f983ff5d7e40c0e32c91fd6cb2ceb2841f7d7ce9a52060b39914c92d,e03e80d18b337c3143694f36813b3106eb456551365f89138ec97ba87951e1a9
2026-08-18,trend,HOLD,"{""NASDAQ"": 0.397306}",0.0,10445.06,,2026-08-18 20:10,e03e80d18b337c3143694f36813b3106eb456551365f89138ec97ba87951e1a9,ca427c7bebd424209f6675ed127c0662d455cce264dd2122fb20946be6a8122f
2026-08-19,buyhold,HOLD,"{""NASDAQ"": 0.397306}",0.0,10461.5,,2026-08-19 20:12,ca427c7bebd424209f6675ed127c0662d455cce264dd2122fb20946be6a8122f,81bd9093a3dde1583dc93805cab8243966ed7a599ae6b26c002fc493fa49b2d6
2026-08-19,momentum,HOLD,"{""SNDK"": 1.950279, ""AMD"": 5.183267, ""MU"": 3.028352}",0.0,8315.2,,2026-08-19 20:12,81bd9093a3dde1583dc93805cab8243966ed7a599ae6b26c002fc493fa49b2d6,ecb5d5a709d84acacd0c323de3340adb05fe4fe81dd180b7c442b19c1cb62921
2026-08-19,overnight,ROLL,{},10612.53,10612.53,隔夜+0.40%-成本,2026-08-19 20:12,ecb5d5a709d84acacd0c323de3340adb05fe4fe81dd180b7c442b19c1cb62921,23174c248f15deecd078386b5e42a92dbe83f847d2ca03ac2259624b94e8c517
2026-08-19,signal,HOLD,"{""NASDAQ"": 0.379128}",0.0,9982.85,,2026-08-19 20:12,23174c248f15deecd078386b5e42a92dbe83f847d2ca03ac2259624b94e8c517,d6283ed33592d91bea17e3fec29cd18009a7d98df736dcd52ba33b04f372fac0
2026-08-19,trend,HOLD,"{""NASDAQ"": 0.397306}",0.0,10461.5,,2026-08-19 20:12,d6283ed33592d91bea17e3fec29cd18009a7d98df736dcd52ba33b04f372fac0,b3551484d974adbbbca7df978d19e340fc252cc8dd0bb96d1a4682b37dca3aa7
2026-08-20,buyhold,HOLD,"{""NASDAQ"": 0.397306}",0.0,10356.64,,2026-08-20 20:14,b3551484d974adbbbca7df978d19e340fc252cc8dd0bb96d1a4682b37dca3aa7,807933b99f2de3a666138f57e1e0ac424af1186f375c4e0ac8508414faf9d0b5
2026-08-20,momentum,HOLD,"{""SNDK"": 1.950279, ""AMD"": 5.183267, ""MU"": 3.028352}",0.0,8505.58,,2026-08-20 20:14,807933b99f2de3a666138f57e1e0ac424af1186f375c4e0ac8508414faf9d0b5,104c89c055937cb8eff8fea2d3b578e8fd0b71bf47160e916889e0de039cd8f2
2026-08-20,overnight,ROLL,{},10554.09,10554.09,隔夜-0.53%-成本,2026-08-20 20:14,104c89c055937cb8eff8fea2d3b578e8fd0b71bf47160e916889e0de039cd8f2,c13d8be7a890a0ed1382b7483245d76e969c87caa52f978ae8cc4e2be6507814
2026-08-20,signal,HOLD,"{""NASDAQ"": 0.379128}",0.0,9882.79,,2026-08-20 20:14,c13d8be7a890a0ed1382b7483245d76e969c87caa52f978ae8cc4e2be6507814,7ebc3788264b900d059f7e882e4e0473576de4df07cd9c6ad4a32336a31795cf
2026-08-20,trend,HOLD,"{""NASDAQ"": 0.397306}",0.0,10356.64,,2026-08-20 20:14,7ebc3788264b900d059f7e882e4e0473576de4df07cd9c6ad4a32336a31795cf,e4f7288b38803b649553f8f6c2a9d8951e7dcf92bacdf37ce335c048b5ba5c32
2026-08-21,buyhold,HOLD,"{""NASDAQ"": 0.397306}",0.0,10401.65,,2026-08-21 20:11,e4f7288b38803b649553f8f6c2a9d8951e7dcf92bacdf37ce335c048b5ba5c32,1d20d73c09df1553b6e331b58f5573828573a3616985c0197f22f0b63d479273
2026-08-21,momentum,HOLD,"{""SNDK"": 1.950279, ""AMD"": 5.183267, ""MU"": 3.028352}",0.0,8493.53,,2026-08-21 20:11,1d20d73c09df1553b6e331b58f5573828573a3616985c0197f22f0b63d479273,02f7ac7917144852499efd01c63c3e1bcd3a42393ad670a24e14760cdfa4f411
2026-08-21,overnight,ROLL,{},10615.81,10615.81,隔夜+0.60%-成本,2026-08-21 20:11,02f7ac7917144852499efd01c63c3e1bcd3a42393ad670a24e14760cdfa4f411,10e807884ee18d4b214cbeafb427d4eb947453f1ffb80291b4532dc5b0c4467b
2026-08-21,signal,HOLD,"{""NASDAQ"": 0.379128}",0.0,9925.74,,2026-08-21 20:11,10e807884ee18d4b214cbeafb427d4eb947453f1ffb80291b4532dc5b0c4467b,2caa466b73130ecff0de69eeb10c498345f243421de02b06addd902e994609f8
2026-08-21,trend,HOLD,"{""NASDAQ"": 0.397306}",0.0,10401.65,,2026-08-21 20:11,2caa466b73130ecff0de69eeb10c498345f243421de02b06addd902e994609f8,7036935fdbd6ebe11c6d65fb0a4f4ed597ea33b79df6a677cebdc8c5d876e548
2026-08-24,buyhold,HOLD,"{""NASDAQ"": 0.397306}",0.0,10322.09,,2026-08-24 20:15,7036935fdbd6ebe11c6d65fb0a4f4ed597ea33b79df6a677cebdc8c5d876e548,0acdf0bfe7eaa113e5ba9cc79b792b356691de200dd8eef983edb532dfe06538
2026-08-24,momentum,HOLD,"{""SNDK"": 1.950279, ""AMD"": 5.183267, ""MU"": 3.028352}",0.0,8036.53,,2026-08-24 20:15,0acdf0bfe7eaa113e5ba9cc79b792b356691de200dd8eef983edb532dfe06538,d815b9fca9fa60304291b5dbd971a5fe5035d5bd7db709ab6aa5e5c4add90054
2026-08-24,overnight,ROLL,{},10556.92,10556.92,隔夜-0.53%-成本,2026-08-24 20:15,d815b9fca9fa60304291b5dbd971a5fe5035d5bd7db709ab6aa5e5c4add90054,80b9bd488b6735b44158c4533f24b7f61c5f6b248d48580d4baf26564cbb842f
2026-08-24,signal,HOLD,"{""NASDAQ"": 0.379128}",0.0,9849.82,,2026-08-24 20:15,80b9bd488b6735b44158c4533f24b7f61c5f6b248d48580d4baf26564cbb842f,769743b43c32205c423384b7566091f299ff59e6e2cdc0a29e733317713cbe2b
2026-08-24,trend,HOLD,"{""NASDAQ"": 0.397306}",0.0,10322.09,,2026-08-24 20:15,769743b43c32205c423384b7566091f299ff59e6e2cdc0a29e733317713cbe2b,86a44e3c5aa6d3af03c03efa494fb4e487575c2786d85b83704c217bfc6e391f
2026-08-25,buyhold,HOLD,"{""NASDAQ"": 0.397306}",0.0,10390.07,,2026-08-25 20:14,86a44e3c5aa6d3af03c03efa494fb4e487575c2786d85b83704c217bfc6e391f,9273d9ed52ca6f35c59fe9d155f219de42789c2d55adde2a1e4a4f3bd4cef4e1
2026-08-25,momentum,HOLD,"{""SNDK"": 1.950279, ""AMD"": 5.183267, ""MU"": 3.028352}",0.0,8196.99,,2026-08-25 20:14,9273d9ed52ca6f35c59fe9d155f219de42789c2d55adde2a1e4a4f3bd4cef4e1,0d9c829e6f2a58113541ba50ba39c5af17f16d3d7e2149ef6125338df1a7bf9b
2026-08-25,overnight,ROLL,{},10628.79,10628.79,隔夜+0.70%-成本,2026-08-25 20:14,0d9c829e6f2a58113541ba50ba39c5af17f16d3d7e2149ef6125338df1a7bf9b,03e785f116cc61389714477cef0b1e402fe5d928a8ae3d646b63c83aaa5bc230
2026-08-25,signal,HOLD,"{""NASDAQ"": 0.379128}",0.0,9914.69,,2026-08-25 20:14,03e785f116cc61389714477cef0b1e402fe5d928a8ae3d646b63c83aaa5bc230,faf4725725e2305462da245ceb83b174623104dd8ea9fa55f5a39b285bf2868e
2026-08-25,trend,HOLD,"{""NASDAQ"": 0.397306}",0.0,10390.07,,2026-08-25 20:14,faf4725725e2305462da245ceb83b174623104dd8ea9fa55f5a39b285bf2868e,63d455d40bcf76501a878ff11a90cfae903d120b330627e5f7059d15a859337e
2026-08-26,buyhold,HOLD,"{""NASDAQ"": 0.397306}",0.0,10381.68,,2026-08-26 20:17,63d455d40bcf76501a878ff11a90cfae903d120b330627e5f7059d15a859337e,e450a804e7a199798e71fce9718a69aa007feb3b948ca4ed46d62fdf002d8c56
2026-08-26,momentum,HOLD,"{""SNDK"": 1.950279, ""AMD"": 5.183267, ""MU"": 3.028352}",0.0,8258.78,,2026-08-26 20:17,e450a804e7a199798e71fce9718a69aa007feb3b948ca4ed46d62fdf002d8c56,212c65e6adf3d5d02e808016004ef9a383cb87347fd776900776b8a191d38b76
2026-08-26,overnight,ROLL,{},10593.46,10593.46,隔夜-0.31%-成本,2026-08-26 20:17,212c65e6adf3d5d02e808016004ef9a383cb87347fd776900776b8a191d38b76,ef80029557bc7d8678d8773a75254271917d01bbec448c7f717d7012cefa35ae
2026-08-26,signal,HOLD,"{""NASDAQ"": 0.379128}",0.0,9906.69,,2026-08-26 20:17,ef80029557bc7d8678d8773a75254271917d01bbec448c7f717d7012cefa35ae,348a97af3cee15be7b86a67a8905021d949cc35f5c40102fedce709b5acc4b40
2026-08-26,trend,HOLD,"{""NASDAQ"": 0.397306}",0.0,10381.68,,2026-08-26 20:17,348a97af3cee15be7b86a67a8905021d949cc35f5c40102fedce709b5acc4b40,9a22191ffc7f9578db8cebf72c5a1a2631cf3a4684cc1ab04fbc03b314deb8f9
2026-08-27,buyhold,HOLD,"{""NASDAQ"": 0.397306}",0.0,10545.04,,2026-08-27 22:47,9a22191ffc7f9578db8cebf72c5a1a2631cf3a4684cc1ab04fbc03b314deb8f9,3922bd9bb60522a7c345e8dafce66be34ed370779117f38f9016b155dcdf050a
2026-08-27,momentum,HOLD,"{""SNDK"": 1.950279, ""AMD"": 5.183267, ""MU"": 3.028352}",0.0,8199.46,,2026-08-27 22:47,3922bd9bb60522a7c345e8dafce66be34ed370779117f38f9016b155dcdf050a,8878170ebe44d364df1a1384f40c73d1f41693cf2c6b2f5db01734181c978cbc
2026-08-27,overnight,ROLL,{},10674.88,10674.88,隔夜+0.79%-成本,2026-08-27 22:47,8878170ebe44d364df1a1384f40c73d1f41693cf2c6b2f5db01734181c978cbc,1a701ee04cdbcb104855349f081e0df46bdf79cf4aa6d2459dabde99fddc1078
2026-08-27,signal,HOLD,"{""NASDAQ"": 0.379128}",0.0,10062.57,,2026-08-27 22:47,1a701ee04cdbcb104855349f081e0df46bdf79cf4aa6d2459dabde99fddc1078,474130c65078a9b73df583be1579b14d566e55aa4ffee7713b6cfff70137c101
2026-08-27,trend,HOLD,"{""NASDAQ"": 0.397306}",0.0,10545.04,,2026-08-27 22:47,474130c65078a9b73df583be1579b14d566e55aa4ffee7713b6cfff70137c101,8518eebbe0edce3302da56a9866f9ba9b253ef90b882a6b77910e9d86c69fb68
2026-08-28,buyhold,HOLD,"{""NASDAQ"": 0.397306}",0.0,10489.84,,2026-08-28 22:54,8518eebbe0edce3302da56a9866f9ba9b253ef90b882a6b77910e9d86c69fb68,f2d4c9402d221371741575e9376579fac8e6967fe25b059fc4ee033d323adb92
2026-08-28,momentum,HOLD,"{""SNDK"": 1.950279, ""AMD"": 5.183267, ""MU"": 3.028352}",0.0,8134.38,,2026-08-28 22:54,f2d4c9402d221371741575e9376579fac8e6967fe25b059fc4ee033d323adb92,0571ae7b9515bc4691d78e1ed889147f58bdf832e70cfa156e5187543b46d829
2026-08-28,overnight,ROLL,{},10652.61,10652.61,隔夜-0.19%-成本,2026-08-28 22:54,0571ae7b9515bc4691d78e1ed889147f58bdf832e70cfa156e5187543b46d829,54655d43f0f60b5e63cefc6313d4a8e11efe928c1c4652b7ba0c5248270d1fb9
2026-08-28,signal,HOLD,"{""NASDAQ"": 0.379128}",0.0,10009.9,,2026-08-28 22:54,54655d43f0f60b5e63cefc6313d4a8e11efe928c1c4652b7ba0c5248270d1fb9,e843b6b0d37e3e6d9041eb0643f999d9dac840e233c72ba3adcef9ae9608da8b
2026-08-28,trend,HOLD,"{""NASDAQ"": 0.397306}",0.0,10489.84,,2026-08-28 22:54,e843b6b0d37e3e6d9041eb0643f999d9dac840e233c72ba3adcef9ae9608da8b,cba56d40358302963390347ed64c555c906ab0a0b944f0876c7cc3da2c4a35b0
2026-08-31,buyhold,HOLD,"{""NASDAQ"": 0.397306}",0.0,10477.31,,2026-08-31 23:28,cba56d40358302963390347ed64c555c906ab0a0b944f0876c7cc3da2c4a35b0,56febb994161871eb8223144f0be9952e93b7ebe6c9fc0798b1a4cf8cb7bb55b
2026-08-31,momentum,HOLD,"{""SNDK"": 1.950279, ""AMD"": 5.183267, ""MU"": 3.028352}",0.0,8398.74,,2026-08-31 23:28,56febb994161871eb8223144f0be9952e93b7ebe6c9fc0798b1a4cf8cb7bb55b,a8dca91407aec4535d528bca43b8a6dc3c6ae8b5cd6f3b3fbe4570ea89f75903
2026-08-31,overnight,ROLL,{},10631.0,10631.0,隔夜-0.18%-成本,2026-08-31 23:28,a8dca91407aec4535d528bca43b8a6dc3c6ae8b5cd6f3b3fbe4570ea89f75903,f0d3a1f8ea18d6936122d50613a535fea00da33566a9be8ee97f3477f00c3e5e
2026-08-31,signal,HOLD,"{""NASDAQ"": 0.379128}",0.0,9997.94,,2026-08-31 23:28,f0d3a1f8ea18d6936122d50613a535fea00da33566a9be8ee97f3477f00c3e5e,a91dbbf179869da3155ec3191c19f8a1e04c894c1d869e1135736811de5b3768
2026-08-31,trend,HOLD,"{""NASDAQ"": 0.397306}",0.0,10477.31,,2026-08-31 23:28,a91dbbf179869da3155ec3191c19f8a1e04c894c1d869e1135736811de5b3768,01016a22b0211ae73227224f957bc4f0d73d1d6ac1ba8ca6135c35d4cd074752
2026-09-01,buyhold,HOLD,"{""NASDAQ"": 0.397306}",0.0,10369.6,,2026-09-01 22:41,01016a22b0211ae73227224f957bc4f0d73d1d6ac1ba8ca6135c35d4cd074752,d08ad7cedf93faa6efe24a23a28731d76459957c99ce56681aa5ca853428bc7b
2026-09-01,momentum,HOLD,"{""SNDK"": 1.950279, ""AMD"": 5.183267, ""MU"": 3.028352}",0.0,8206.39,,2026-09-01 22:41,d08ad7cedf93faa6efe24a23a28731d76459957c99ce56681aa5ca853428bc7b,ae963d2ad140fd94d00cde23cdbdd7781cf92f57feb556fca49abe446d271b66
2026-09-01,overnight,ROLL,{},10490.49,10490.49,隔夜-1.30%-成本,2026-09-01 22:41,ae963d2ad140fd94d00cde23cdbdd7781cf92f57feb556fca49abe446d271b66,d92656feb609b8941ca8c358bbecdd4326ba5673bedb2d31af4125d7f691a112
2026-09-01,signal,HOLD,"{""NASDAQ"": 0.379128}",0.0,9895.15,,2026-09-01 22:41,d92656feb609b8941ca8c358bbecdd4326ba5673bedb2d31af4125d7f691a112,0eb40e39fc2077b234100b6d9b5cb204b5cd85762f3e8f762638c1489fd38d7a
2026-09-01,trend,HOLD,"{""NASDAQ"": 0.397306}",0.0,10369.6,,2026-09-01 22:41,0eb40e39fc2077b234100b6d9b5cb204b5cd85762f3e8f762638c1489fd38d7a,df16e440a358b5743aab3c5835a90f24ec64698a6a6cbf1534e61eaed368e0d1
2026-09-02,buyhold,HOLD,"{""NASDAQ"": 0.397306}",0.0,10416.5,,2026-09-02 22:04,df16e440a358b5743aab3c5835a90f24ec64698a6a6cbf1534e61eaed368e0d1,b116918d2b35f60d4c5344f24554e1b856f0a1ad40a54d9eb31179cc3e02d205
2026-09-02,momentum,HOLD,"{""SNDK"": 1.950279, ""AMD"": 5.183267, ""MU"": 3.028352}",0.0,8293.97,,2026-09-02 22:04,b116918d2b35f60d4c5344f24554e1b856f0a1ad40a54d9eb31179cc3e02d205,9530fc5c7176a4daac083a195e51c0115261b32bbf91f46e3930fb89005c1eeb
2026-09-02,overnight,ROLL,{},10480.53,10480.53,隔夜-0.07%-成本,2026-09-02 22:04,9530fc5c7176a4daac083a195e51c0115261b32bbf91f46e3930fb89005c1eeb,6574f18c4017c31e0b6ffb24e9a919892d85685814d336132a06bd6de3767ed2
2026-09-02,signal,HOLD,"{""NASDAQ"": 0.379128}",0.0,9939.91,,2026-09-02 22:04,6574f18c4017c31e0b6ffb24e9a919892d85685814d336132a06bd6de3767ed2,66b03af9445a9267609950a059d7187da13418ac6c33182522eeb56ff569f3c5
2026-09-02,trend,HOLD,"{""NASDAQ"": 0.397306}",0.0,10416.5,,2026-09-02 22:04,66b03af9445a9267609950a059d7187da13418ac6c33182522eeb56ff569f3c5,f9ed899e31d4c85bf5a3fd4c45c0f1d9788d9330fd39faae61ede1c315a15098
2026-09-03,buyhold,HOLD,"{""NASDAQ"": 0.397306}",0.0,10562.01,,2026-09-03 22:04,f9ed899e31d4c85bf5a3fd4c45c0f1d9788d9330fd39faae61ede1c315a15098,808cca3b40c4cb779966edbc581020e56cd0e3c009921e311ac928b70cd1c135
2026-09-03,momentum,HOLD,"{""SNDK"": 1.950279, ""AMD"": 5.183267, ""MU"": 3.028352}",0.0,8298.71,,2026-09-03 22:04,808cca3b40c4cb779966edbc581020e56cd0e3c009921e311ac928b70cd1c135,6ae1e7ccbd816e29e1f2b976106a8e5335d2a3becf2af03cd769a39a1496de89
2026-09-03,overnight,ROLL,{},10502.22,10502.22,隔夜+0.23%-成本,2026-09-03 22:04,6ae1e7ccbd816e29e1f2b976106a8e5335d2a3becf2af03cd769a39a1496de89,434f3420d8d542d1cdc1ce8abcf6c88329d4ee0a0c8db9a7bcf43ac78238b209
2026-09-03,signal,HOLD,"{""NASDAQ"": 0.379128}",0.0,10078.76,,2026-09-03 22:04,434f3420d8d542d1cdc1ce8abcf6c88329d4ee0a0c8db9a7bcf43ac78238b209,f4d3454c1f8a9285e864e8cc69f119d1178b2ec3a8d131c0362eecdf80aef9c0
2026-09-03,trend,HOLD,"{""NASDAQ"": 0.397306}",0.0,10562.01,,2026-09-03 22:04,f4d3454c1f8a9285e864e8cc69f119d1178b2ec3a8d131c0362eecdf80aef9c0,f3b8882e403607409a8d42bf8a55d51e55e8fe65461db86abd2ea11d929244bf
2026-09-04,buyhold,HOLD,"{""NASDAQ"": 0.397306}",0.0,10531.39,,2026-09-06 12:32,f3b8882e403607409a8d42bf8a55d51e55e8fe65461db86abd2ea11d929244bf,e41b8c182782ad9ac0737534a11a3c3623e3d8d1553b4969313651e0564edd50
2026-09-04,momentum,HOLD,"{""SNDK"": 1.950279, ""AMD"": 5.183267, ""MU"": 3.028352}",0.0,8947.45,,2026-09-06 12:32,e41b8c182782ad9ac0737534a11a3c3623e3d8d1553b4969313651e0564edd50,834bdec2a0fee1e35a19111c3a14a088b05f1b50c55746040fff731d6474ee6f
2026-09-04,overnight,ROLL,{},10524.7,10524.7,隔夜+0.23%-成本,2026-09-06 12:32,834bdec2a0fee1e35a19111c3a14a088b05f1b50c55746040fff731d6474ee6f,b2c2df320bb070f2601d49795097380e4509343ff53114ebf234ed650b59d161
2026-09-04,signal,HOLD,"{""NASDAQ"": 0.379128}",0.0,10049.54,,2026-09-06 12:32,b2c2df320bb070f2601d49795097380e4509343ff53114ebf234ed650b59d161,1cde440fd1f465bc681920048873e02ea8e807e354cd0fe909e05ebfb4744a51
2026-09-04,trend,HOLD,"{""NASDAQ"": 0.397306}",0.0,10531.39,,2026-09-06 12:32,1cde440fd1f465bc681920048873e02ea8e807e354cd0fe909e05ebfb4744a51,b0ade2ffed318e2d764cf7471bf4abe9d78d705260bde41c93930081c424866c
2026-09-08,buyhold,HOLD,"{""NASDAQ"": 0.397306}",0.0,10497.39,,2026-09-08 20:22,b0ade2ffed318e2d764cf7471bf4abe9d78d705260bde41c93930081c424866c,a440b149cc611b796170b377433e8a5dacd1925bc8a4c5406d4945acbe9814f1
2026-09-08,momentum,HOLD,"{""SNDK"": 1.950279, ""AMD"": 5.183267, ""MU"": 3.028352}",0.0,9040.09,,2026-09-08 20:22,a440b149cc611b796170b377433e8a5dacd1925bc8a4c5406d4945acbe9814f1,eb0cef89b3fd05ab8cedb28abba38ad5eb8c39cf0c7ab14574f45679c95084cd
2026-09-08,overnight,ROLL,{},10552.02,10552.02,隔夜+0.28%-成本,2026-09-08 20:22,eb0cef89b3fd05ab8cedb28abba38ad5eb8c39cf0c7ab14574f45679c95084cd,9dd0a5286197daab56b928a2bc87181da5a37a44252a148ef59028723302d99f
2026-09-08,signal,HOLD,"{""NASDAQ"": 0.379128}",0.0,10017.1,,2026-09-08 20:22,9dd0a5286197daab56b928a2bc87181da5a37a44252a148ef59028723302d99f,25f50ce79017883c0a5da11437f2a62f526d92890208f50ad18d653026fd1096
2026-09-08,trend,HOLD,"{""NASDAQ"": 0.397306}",0.0,10497.39,,2026-09-08 20:22,25f50ce79017883c0a5da11437f2a62f526d92890208f50ad18d653026fd1096,60aa999629d2f8aa6cfe1c27d525fa9813381f5562accd0542e8c169a7f8a15e
2026-09-09,buyhold,HOLD,"{""NASDAQ"": 0.397306}",0.0,10430.61,,2026-09-09 22:04,60aa999629d2f8aa6cfe1c27d525fa9813381f5562accd0542e8c169a7f8a15e,339bf021420723b255c66a29e53ef66ccba1de5116d66bbb7da80091d1650c58
2026-09-09,momentum,HOLD,"{""SNDK"": 1.950279, ""AMD"": 5.183267, ""MU"": 3.028352}",0.0,9254.05,,2026-09-09 22:04,339bf021420723b255c66a29e53ef66ccba1de5116d66bbb7da80091d1650c58,40feb7cddf7664f54ceb354a8b2f85541d243fdc2238f78b764c303054ffe78a
2026-09-09,overnight,ROLL,{},10519.5,10519.5,隔夜-0.29%-成本,2026-09-09 22:04,40feb7cddf7664f54ceb354a8b2f85541d243fdc2238f78b764c303054ffe78a,a83f2c9b3c9d7c103b7fbe390d4497a6c97407609aeae295bd7290cace16b609
2026-09-09,signal,HOLD,"{""NASDAQ"": 0.379128}",0.0,9953.38,,2026-09-09 22:04,a83f2c9b3c9d7c103b7fbe390d4497a6c97407609aeae295bd7290cace16b609,b1711b7cf2a4e8eae1c320d9ab076ba32fea84c54124429cf4589d8d15d2312a
2026-09-09,trend,HOLD,"{""NASDAQ"": 0.397306}",0.0,10430.61,,2026-09-09 22:04,b1711b7cf2a4e8eae1c320d9ab076ba32fea84c54124429cf4589d8d15d2312a,468c367319441f87e52f5d723d163f39a02870033c72ce83301649524836b785
2026-09-10,buyhold,HOLD,"{""NASDAQ"": 0.397306}",0.0,10362.43,,2026-09-10 22:03,468c367319441f87e52f5d723d163f39a02870033c72ce83301649524836b785,d8ab6a1761239acfc08afd14e63b8e591cbb2c1d8235a70519b5ce4a3cc45d4a
2026-09-10,trend,HOLD,"{""NASDAQ"": 0.397306}",0.0,10362.43,,2026-09-10 22:03,d8ab6a1761239acfc08afd14e63b8e591cbb2c1d8235a70519b5ce4a3cc45d4a,c62fd26dde670e5fcf772145866524bea6bbbcba66889ffe73ad48ff4d90b238
2026-09-10,signal,HOLD,"{""NASDAQ"": 0.379128}",0.0,9888.31,,2026-09-10 22:03,c62fd26dde670e5fcf772145866524bea6bbbcba66889ffe73ad48ff4d90b238,f4824541951b84b0dd609f10c0e4e70d40c753ed35ae7ee800989b726226c535
2026-09-10,momentum,HOLD,"{""SNDK"": 1.950279, ""AMD"": 5.183267, ""MU"": 3.028352}",0.0,8871.26,,2026-09-10 22:03,f4824541951b84b0dd609f10c0e4e70d40c753ed35ae7ee800989b726226c535,2c6bf441ea3ad55edb412c55e26419441ce2c9fb2b423f666e7de8c8d2c512f5
2026-09-10,overnight,ROLL,{},10388.97,10388.97,隔夜-1.22%-成本,2026-09-10 22:03,2c6bf441ea3ad55edb412c55e26419441ce2c9fb2b423f666e7de8c8d2c512f5,ffc8727e31da4fcff21a4fca760e43bcd009f4dc5f9f4de6f7288a9cea2fc343
