week,stance_trend,text
2026-W26,偏积极→偏积极→偏积极→偏积极,本周市场整体情绪偏向积极，虽然中间有几天没有读数，但总体趋势是向好的。市场波动性（VIX（衡量市场恐慌情绪，越高越慌），衡量市场恐慌程度的指标，越高越慌）处于中等水平，表明大家没那么紧张。债券收益率曲线（10Y-2Y，衡量长期和短期国债收益率差，正斜率表示经济可能向好）是正的但比较平缓，而公司借钱的成本（信用利差（企业借钱比国债贵多少，越大=市场越担心违约） Baa-10Y，衡量高等级公司债和国债的收益率差，越低越容易借钱）相对较低，说明大家觉得借钱风险不大。有趣的是，个股之间走势不太一致（个股共动，衡量股票价格联动性，越低越独立），说明不是所有股票都在跟着大盘涨跌。本周医疗板块表现突出，而金融和半导体板块则下跌较多。（这是数据读数不是预测，会错，过去不代表未来）
2026-W28,偏积极→偏积极→偏积极→偏积极,本周市场整体情绪偏向积极，这种积极情绪持续了四天，但力度不算特别强。市场波动性（VIX（衡量市场恐慌情绪，越高越慌），衡量市场恐慌程度的指标，越高越慌）处于中等水平，说明大家既不太恐慌也不太兴奋。债券市场（收益率曲线（不同期限国债利率的高低对比，倒挂常被当衰退预警） 10Y-2Y，衡量长期和短期国债利率差，正斜率表示长期利率高于短期）的长期和短期利率差不大，有点平缓，而借钱的成本（信用利差（企业借钱比国债贵多少，越大=市场越担心违约） Baa-10Y，衡量企业借钱比政府借钱贵多少，偏低表示企业借钱相对容易）也比较低，说明大家借钱的意愿比较强。有趣的是，个股之间走势不太一致（个股共动，衡量股票涨跌是否趋同，偏低表示大家各走各的），不像大家都在追逐同一个方向。本周科技和通信服务板块表现突出，而医疗板块则下跌较多。  （这是数据读数不是预测，会错，过去不代表未来）
2026-W29,偏积极→偏积极→偏积极→偏积极→偏积极,本周市场整体情绪偏向积极，这种积极的倾向贯穿了整个交易周，并且力度上是偏弱的。市场波动性（VIX（衡量市场恐慌情绪，越高越慌），衡量市场恐慌程度的指标，越高越慌）处于中性水平，而长期和短期国债的收益率差（收益率曲线（不同期限国债利率的高低对比，倒挂常被当衰退预警）10Y-2Y，反映经济增长预期的指标）显示出一种略微趋平的正斜率，这通常意味着经济增长预期温和。同时，企业借钱的成本（信用利差（企业借钱比国债贵多少，越大=市场越担心违约）Baa-10Y，衡量企业还款风险的指标）相对较低，表明市场对企业偿债能力比较乐观。值得注意的是，个股之间的联动性（个股共动，衡量股票走势是否一致的指标）偏低，意味着很多股票走势比较独立，不是大家都在涨或都在跌。本周金融、能源和科技板块表现较好，但半导体和科技板块内部也出现了较大的跌幅。  （这是数据读数不是预测，会错，过去不代表未来）
2026-W31,偏积极→偏积极→偏积极→偏积极,本周市场整体倾向是偏积极的，这种积极的信号持续了整个交易周。市场波动率（VIX（衡量市场恐慌情绪，越高越慌），衡量市场恐慌程度的指标，越高越慌）处于中性水平，说明大家没有特别恐慌。另外，大家借钱的成本（信用利差（企业借钱比国债贵多少，越大=市场越担心违约），衡量借钱难易程度，越低越容易）也比较低，说明市场资金比较充裕。不过，大家买卖股票的关联性（个股共动，衡量大家买卖股票是否一致，越低越各自为政）比较低，说明大家好像各自有自己的想法。本周表现最好的是科技和可选消费板块，而通信服务和半导体板块则跌幅较大。  （这是数据读数不是预测，会错，过去不代表未来）
2026-W32,偏积极→偏积极→偏积极→偏积极→偏积极,本周市场整体感觉是偏积极的，而且这种积极的倾向从周初一直持续到周五。虽然市场整体偏积极，但一些关键的“信号灯”显示出一些有趣的结构。  首先，衡量市场恐慌程度的VIX（衡量市场恐慌程度的指标，越高越慌）处于中性水平，说明大家没有特别紧张。另外，代表借钱难易程度的收益率曲线（衡量借钱成本的曲线，通常向上倾斜代表经济向好）是正斜率但有点平，说明经济增长的预期不算太强劲但也不差。而信用利差（衡量借钱风险的指标，越低越安全）偏低，这表示大家觉得借钱的公司风险不大，市场比较“宽松”。  值得关注的是，个股之间走势不太一致（个股共动，衡量股票之间联动性的指标，越低越不联动），大家好像都在按自己的节奏走，没有形成一股“合力”。在板块表现上，科技、材料和半导体板块表现突出，但通信服务和半导体板块也出现了明显的下跌，显示出市场内部的分化。  （这是数据读数不是预测，会错，过去不代表未来）
2026-W33,偏积极→偏积极→偏积极→偏积极→偏积极,本周市场整体情绪是偏积极的，而且这种积极情绪持续了整个星期，虽然力度不算特别强。市场环境看起来比较平稳，恐慌情绪不高，但也没有特别兴奋。值得关注的是，虽然整体偏积极，但不同板块的表现却很分化，有些板块涨得很猛，比如半导体和能源，但也有一些板块，比如科技和金融，却出现了下跌。这说明市场内部存在一些结构性的变化，不是所有股票都在同步上涨。  （这是数据读数不是预测，会错，过去不代表未来）
2026-W34,偏积极→偏积极→偏积极→偏积极→偏积极,本周市场整体感觉偏积极，每天的读数都显示出这种趋势，虽然强度不算特别强。市场波动性（VIX（衡量市场恐慌情绪，越高越慌），衡量市场恐慌程度的指标，越高越慌）处于中等水平，不算太紧张。大家借钱的成本（信用利差（企业借钱比国债贵多少，越大=市场越担心违约），衡量借钱难易程度，越低越容易）相对较低，说明市场比较愿意借钱。不过，大家买卖股票的联动性（个股共动，衡量大家买卖股票是否一致，越高越一致）比较弱，说明很多股票都在按自己的节奏走，不是大家一起涨或一起跌。本周医疗和金融板块表现不错，而半导体和科技板块则有些下跌。 （这是数据读数不是预测，会错，过去不代表未来）
2026-W35,偏积极→偏积极→偏积极→偏积极→偏积极→偏积极,本周市场整体情绪偏向积极，这种积极的倾向从周初一直持续到周末，没有明显变化。市场波动率（VIX（衡量市场恐慌情绪，越高越慌），衡量市场恐慌程度的指标，越高越慌）处于中性水平，说明大家没有特别恐慌，但也没有特别兴奋。收益率曲线（10Y-2Y，衡量长期和短期国债利率差，通常反映经济预期）是正斜率偏平，意味着长期利率比短期利率高，但差距不大。信用利差（Baa-10Y，衡量高风险公司债和国债的利率差，利差越低说明借钱越容易）偏低，表明大家借钱的成本较低，市场比较宽松。个股之间走势不太一致（个股共动，衡量股票之间联动性，越低越不联动），大家好像都在按自己的节奏来。本周科技板块表现非常抢眼，涨幅领先，而金融、半导体和医疗板块则出现了下跌。  （这是数据读数不是预测，会错，过去不代表未来）
2026-W36,偏积极→偏积极→偏积极→偏积极→偏积极,本周市场整体情绪偏向积极，这种积极的倾向从周初一直持续到周五。市场波动性（VIX（衡量市场恐慌情绪，越高越慌），衡量市场恐慌程度的指标，越高越慌）处于较低水平，说明大家普遍比较平静。同时，代表借钱难易程度的信用利差（Baa-10Y，衡量企业借钱成本和国债借钱成本的差值，越低越容易借钱）也比较低，显示出市场资金相对充裕，借钱成本不高。不过，个股之间的联动性（个股共动，衡量股票们涨跌是否一致，越低越各自为政）比较低，说明大家好像没有特别一致的行动，股票们各自表现的比较多。本周金融、通信服务和工业板块表现突出，而半导体和科技板块则出现了下跌。  （这是数据读数不是预测，会错，过去不代表未来）
2026-W37,偏积极→偏积极→偏积极→偏积极→偏积极,本周市场整体气氛偏向积极，这种积极的倾向从周初一直持续到周五。市场波动性（VIX（衡量市场恐慌情绪，越高越慌），衡量市场恐慌程度的指标，越高越慌）处于中性水平，说明大家情绪还算稳定。长短期国债收益率差（10Y-2Y，反映经济预期的指标，正值一般表示经济向好）是正的，但幅度不大，有点平缓。借钱的成本（信用利差（企业借钱比国债贵多少，越大=市场越担心违约） Baa-10Y，衡量企业借钱难易程度，越低越容易）相对较低，说明大家借钱比较容易，企业融资环境不错。有趣的是，个股之间走势不太一致（个股共动，衡量股票涨跌是否同步，低表示各自为政），大家好像都在按自己的节奏来。板块方面，半导体表现非常抢眼，涨幅领先，而医疗和科技板块则出现下跌。  （这是数据读数不是预测，会错，过去不代表未来）
